Timestamp	Text	Latitude	Longitude
2012-10-12 11:34:31	nickname,day,Law,laid,shit,fuck	38.97214035	-76.96019938
2012-09-18 07:48:02	game,imma,expert,jump,leg,work,Nigga	40.73615385	-74.19313808
2012-10-07 01:32:06	nun,stranger,speaking	40.68520613	-89.60430686
2012-08-24 05:40:12	RETWEET,Check,vlog,promoting,song,BLOW	32.9973956	-96.8666182
2012-09-11 12:08:52	expect,people,Good	33.8826634	-118.2385871
2012-04-26 05:10:55	Gotta,find,car	31.26815	-85.413788
2012-09-10 05:48:26	window,seat,extra,legroom,RG,bandwagon,skin,redskin,nfl	21.28402612	-157.80079021
2012-09-02 08:00:36	La,Esperanza,es,lo,ke,hace,ke,siga,respirando,aun,cuando,la,presion,de,una,vida,te,este,asficciando,?,?	40.0266264	-75.1326465
2012-05-27 13:00:21	thrown,shit	42.17635274	-83.20184469
2012-09-14 23:28:51	beer,lady,happy,night,paying,beer,Trident,Layer	42.09406193	-84.5299588
2012-09-29 01:20:59	“,Daily,Tweet,Fuck,Queso,”,STOP	30.24897306	-97.32172147
2012-05-01 12:50:00	prayer,CHAPMANS,FRIENDS,LORD,SAFE,HUNT,AMEN	32.735288	-96.595288
2012-10-06 11:32:32	NC,weekend,UNC,VT,game,tomorrow	35.99035393	-78.86268111
2012-09-19 22:58:24	print,broke,printer	39.17521597	-86.51796308
2012-09-06 10:06:50	boy,JPP,doin,work,cowgirl	29.23520927	-82.93831506
2012-07-11 10:30:29	food,pronto	33.6383089	-84.4316444
2012-09-27 09:10:47	put,biz,twitter,u,wanna,tx,u,number	34.03926157	-117.49787229
2012-06-15 22:20:12	Hollister,Knoxville,TN	35.92514953	-84.03700009
2012-08-03 14:40:52	talking,abt,color	42.0483632	-88.1140458
2012-10-02 23:56:02	Deep,East,Fairfield,Fairfield,California	38.26001786	-122.02123367
2012-10-14 15:04:38	“,Randomly,woke,bck,sleep,fucking,great,”	38.7611713	-76.9742871
2012-10-05 10:30:17	pretty,good,complain	36.59565286	-87.32643055
2012-06-30 06:40:08	Excited,working,Internet,Skype	43.86236728	-95.44376465
2012-09-04 08:12:18	God,gonna,die,gonna,die,gonna,die,Blake,driving,home,??????	36.21781787	-115.24817719
2012-09-25 20:00:55	hate,comming,school,wkh,wet,hair	34.142803	-83.463045
2012-08-06 07:30:27	people,coming	42.01635398	-71.47656337
2012-09-14 06:40:27	PETE,BOYS,Kustom,Pete,Rise,MM,Shit,Tweet,Krib	34.2362801	-77.9204166
2012-09-21 05:34:36	told,mom,picture,cover,photo	40.72978312	-73.99802219
2012-09-11 20:20:59	Nursing,Job,alert,RN,Inpatient,Med,Surg,Pediatric,Peace,Health,Bellingham,WA,Job	48.7595529	-122.4882249
2012-09-14 04:22:34	hot,wing,pretty,fuckin,good	39.09210054	-94.57913713
2012-10-01 10:20:56	waiting,credible,source	33.6867031	-84.0844854
2012-04-10 04:50:22	Day	34.79736	-87.69331
2012-05-08 04:10:16	dude	45.5447942	-122.70798862
2012-10-04 18:40:35	Omg,sleep,early,night,woke,time,setting,alarm	29.50529448	-98.6593976
2012-08-23 00:50:36	Young,Harri,College,find,beer,room,expelled,ft,tall,bamboo,tree,room,WTF	34.93177029	-83.84737759
2012-05-28 07:40:09	Guy,smell,good	32.86543852	-91.39016647
2012-10-11 23:54:16	fan,baseball,great,day,today,script,October,game,s,game,s,MLB,POSTSEASON	40.55464583	-74.13122149
2012-10-15 01:20:44	Mark,word,world,Trav,O	41.31354822	-73.83512702
2012-06-30 03:40:10	pulled,cop,drinking,today,reply,sir,reply	43.1890135	-76.12117415
2012-08-02 03:50:18	girl,rag,Imagine,day,everyday,people,live	34.03394032	-117.94766998
2012-07-01 13:40:08	check,home,morning,tomorrow	41.3569478	-82.1063544
2012-06-28 06:40:53	Sang,Grand,Ol,Opry,today,Stood,circle,legend,felt,ghost,spent	36.178313	-86.740428
2012-07-17 08:30:14	wrote,college,essay,fuck,yeah,productivity	41.8202188	-71.4123259
2012-08-10 06:30:51	period,horny,feel,cat,heat,walk,rubbing,vagina,floor	42.2422243	-72.2763989
2012-05-21 23:30:19	people,love,body,pay,lot	33.876108	-117.890044
2012-09-21 10:18:52	remember,nigga,ate,pizza,french,fry,lol,KTown	36.29773894	-78.36225525
2012-09-23 23:50:22	attitude,problem,today,tf,jus,playin,chill,nigga	34.02900727	-83.61530271
2012-05-04 15:00:54	broke,game,losing,streak,tonight,u,r,require,attend,game,notthesquirrel	37.55105923	-77.47009613
2012-07-08 21:40:43	Hey,heard,wild	44.93865445	-93.25267295
2012-09-09 12:22:22	Pic,mad,Year,Boyz,?,s,party,Steph,Crib	42.20056915	-70.92715454
2012-04-15 00:20:47	la,la,long,Fresh,baguette,pâté,Bizalion,pic	42.181879	-73.364982
2012-05-23 19:10:15	day,peace,Greenon,High,School,?	39.86911277	-83.89133544
2012-10-15 14:46:28	Amanda,Todd,Tube,video,read,article,death,rest,peace,?	40.73004033	-73.8983048
2012-09-03 14:07:50	Nigga,hold,stop,tha,pres	30.4099011	-97.7474654
2012-10-06 12:28:40	Blow,whistle,bitch	45.65298047	-122.67503875
2012-09-17 20:00:45	Mobile,Equipment,Operator,Louisiana,Department,State,Ci,Lake,Charle,LA,Transportation,Job	30.23	-93.22
2012-10-07 08:36:46	slut,judging,slut,slut	42.47622666	-122.80583834
2012-08-17 08:10:42	Thankyou,brother,making,super,awkward,good	41.37333993	-81.69961059
2012-08-12 03:40:34	bucket,list,lakelife	36.63281461	-93.5915456
2012-04-27 09:30:04	Yy,Playin,Muhh,Fucka,Hard,N,Paint,Twatt,N,Biq,Sis,Voice,Fool	36.14427388	-86.74453318
2012-08-25 13:00:08	Drinking,chocolate,milk,feel,year,nevergetsold	38.9552915	-89.7700742
2012-09-01 03:02:05	love,check,program	32.8204152	-96.8760898
2012-06-19 02:50:58	Bought,cute,stuff,shore,store,score,Shore,Store	39.94527074	-74.06977057
2012-07-29 11:50:55	respect,respect	33.494447	-82.5220865
2012-10-12 07:56:05	“,phone,number,?,Team,Android	29.69450797	-91.1956955
2012-06-10 07:00:04	Netflix,sleep,eat,cuddle,eat,Nextflix,love,love,love,Love	39.7415784	-105.03922078
2012-08-08 08:30:28	Nagano,dinner,jealou	33.6827439	-78.9845252
2012-09-04 07:07:55	D,smaller,RT,proud	38.9042112	-77.072422
2012-06-09 08:10:00	hay,problema,con,eso,de,tus,teta,sean,pequeña,alguien,te,va,querer,exactamente,por,cómo,ere,yo,pero,alguien	18.00775	-66.01713
2012-09-22 03:34:19	Give,tax,incentif,company,hire,number,people,year	30.40759144	-88.91464532
2012-07-31 13:50:08	feel,day,school,tomorrow,lol,orientation	38.03267468	-121.30816543
2012-08-21 07:40:44	SCRUBS,important,fashion,closet,scrub	35.15492977	-90.20602827
2012-07-01 20:30:27	looked,yummy,menu,order,Tonga,Toast,recommended,Kona,Cafe	28.35278078	-81.6024391
2012-04-24 02:20:55	Terminal,C,Dalla,TX,w	32.89735354	-97.0371294
2012-07-06 08:00:36	Bitch,Sweet,Tuh	33.71635879	-84.37548756
2012-06-03 08:00:29	sound,damn,Indian,lol	38.57450672	-90.28628901
2012-09-17 02:36:13	possibly,expres,feeling,response,confus	41.82325	-72.52849
2012-09-13 10:54:04	eat,pizza,knockout,tomorrow	42.5675545	-87.8562626
2012-10-04 06:24:25	felt,work,today,prepared,Lol	30.39918275	-88.98708719
2012-09-28 19:38:07	Traditional,District,Indianapoli,Edition,read,neighbor,Trail,Fisher	39.9542	-86.06582
2012-07-16 16:10:36	“,hyped,Fucking,steroid,man,”,roidrage,part,sequel	34.02901076	-117.65387761
2012-10-11 13:52:10	Awh,Ed,perfect,ginger,angel,heaven,inspire	45.4224866	-122.8167444
2012-09-23 04:10:25	pap,hiding,bed,wot,da	40.90295171	-78.24552845
2012-10-12 12:04:18	Yankee,extra,inning,magic	40.52011249	-89.00110401
2012-10-12 09:06:47	Flipping,Oriole,game,Vice,Presidential,Debate,Critical,TV	39.09126558	-76.53953662
2012-09-27 08:42:11	Truth,real,date	46.2615992	-119.5024177
2012-09-05 01:04:12	Lame,ny,giant,fan	32.8233413	-96.8199261
2012-09-07 17:58:26	wanted,track,hold,time	33.1824752	-81.3513327
2012-05-22 23:20:22	gave,u,number	31.56781364	-91.35697554
2012-09-05 06:44:00	proper,terminology,wench	42.2811426	-83.7288892
2012-10-13 11:36:17	sad,moment,realize,flower,weekk	41.4464984	-82.679735
2012-09-01 13:19:24	uncle,Mo,Joe,Dirt,dad,meet,man	34.78832706	-96.67041052
2012-09-06 10:00:57	Today,long,day	34.66257985	-98.42444777
2012-09-03 14:51:17	Mother,Delight,home	40.80267036	-73.9341415
2012-06-21 09:20:53	Visiting,Christoval,Texa,Check,great,app,news,weather,hotel,food	31.23461	-100.52031
2012-09-03 21:04:08	wth,big,F,word	32.85772164	-97.03539645
2012-05-26 09:30:42	singlelady,remind	42.29417907	-71.19325926
2012-04-16 20:40:34	school,late,YOLO	29.72700863	-95.64762667
2012-10-05 03:54:47	tubby,dough,boy,?	34.07044004	-118.45318195
2012-10-04 22:10:17	Elementary,School,Memory,racing,line,leader	40.67203552	-111.9411612
2012-06-10 01:20:23	Popeye,move	38.48671084	-77.98362692
2012-04-26 16:30:13	homebrewing,shit,amazon,week,email,Crap,resistanceisfutile	36.11905916	-115.14474594
2012-08-21 12:40:24	Omg,cutest,couple,Scissor,Castle	40.82013087	-74.22162105
2012-10-09 08:42:35	Hospitalist,Opportunity,Idaho,Fall,HCA,Idaho,Fall,Internal,Medicine,Practice,Job	43.4665808	-112.0341374
2012-07-31 11:50:47	Yea,nigga,fucked,?,Southland,Country,Club	33.77575429	-84.15181182
2012-10-02 07:22:46	h,Ve,fun,watching,tv	39.1051369	-93.2048609
2012-06-26 14:00:48	Bang,Bang	36.17507441	-86.60021055
2012-09-15 11:22:58	note,Paula,Patton,gorgeou,MI,Ghost,Protocol	33.82197751	-84.3319488
2012-05-10 13:40:17	girl	42.43932518	-79.33213414
2012-07-14 01:10:02	happy,friday,babe,forget,save,date,summer,soirée,July	40.76428874	-73.85808189
2012-09-26 11:16:20	alright,working,meaning,text,mom,wrote,dad	36.379618	-84.1140238
2012-09-04 05:24:34	ur,mom,rip,ass,checkout,line,blame,mom,Ppl,Walmart	39.77369976	-89.71369743
2012-09-09 02:44:56	cousin,wedding,wanna,drive,car,limo,?	33.69391065	-118.00244794
2012-09-20 04:46:58	walk,mind,dirty,foot	40.73131463	-73.96938462
2012-10-02 07:34:04	n,nigga,T,ray	32.53369522	-94.36089993
2012-10-01 02:44:31	Viking,making,special,team,walk,park	40.42928	-80.57338
2012-09-22 03:54:06	Chloe,Corner,Phoenx,Downtown,AZ	33.44768559	-112.07387336
2012-08-17 03:40:04	Djs,drink,Chapter,Modern,Local	33.74715015	-117.86946363
2012-09-16 12:24:52	Honesty,great,trait	33.93872153	-81.22456555
2012-09-02 04:28:00	Valley,Health,Nurs,Registered,Nurse,Job,Woodstock,VA,Nursing,Nurse,Job,Job,Tweet,Job	38.8817784	-78.5058429
2012-04-12 12:00:56	Goodnightttt,?	26.40584086	-80.07799362
2012-09-10 11:44:29	Eagle,Pond,Walled,Lake,MI	42.54177791	-83.48373038
2012-08-07 05:30:59	Rec,night,detail,Merrymount,Park	42.26274301	-71.00958209
2012-09-07 04:26:58	Demm,mf,cheated,quit,playin,dis,gamw	39.85062517	-86.04203575
2012-09-02 13:09:00	Told,mom,telling,tattoo,response,body	33.88657337	-118.24958255
2012-07-14 16:10:52	Mannnnnnnnnnnn,yu,gt,number,txt	38.58340454	-76.91040039
2012-09-01 22:45:31	gotta,stop,spendin,money,random,stuff	35.0052432	-78.1164177
2012-10-15 09:22:33	Marcu,teague,bull,man,roster,Tf	42.3156311	-71.0953899
2012-07-24 14:30:18	oreo,milkk	30.6514678	-94.9476687
2012-06-19 11:30:02	lmao,love,guy	33.7940555	-118.1949448
2012-09-06 03:58:50	Bitch,stop,running,mouth,worse,girl,shit	40.83172989	-81.35252953
2012-09-26 07:40:23	Ven,y,Compra,Tus,Boleto,Del,Concierto,De,Jenny,Rivera,En,Discolandia,De,Richmond,Ante,De,Se,Acaven	37.94360481	-122.34752718
2012-10-04 20:46:29	wait,classroom,wifee,live	43.05535835	-76.1486613
2012-06-22 11:00:43	steak,cook	27.709517	-82.6650122
2012-04-05 16:40:26	heard,rude,AGREE,speak,haft	33.78150703	-84.19143388
2012-10-18 01:16:05	?,goin,buy,pole,box,Cuban,cigar,cd,u,?	33.00553692	-96.99968543
2012-10-06 06:02:08	Slow,Reply,slacker,Shake,Head	46.54894776	-120.48045762
2012-09-05 07:30:37	Tht,goat,Mc,Donald,commercial,FAT,ASS	39.37109184	-76.59404182
2012-05-22 07:00:22	HOPE,DNT,FA,MO,REESE,CEREAL,Ewww	31.86730593	-89.74639005
2012-04-09 09:00:59	Attention,lame,AF,buying,clothes,size,small,claim,THICK,aka,FAT,Wet,Seal,DEAD	33.82804856	-84.11539703
2012-08-24 14:45:18	awwww,babe,sweet,love,good,night,morning	32.4734765	-84.9083052
2012-05-16 10:10:43	Accept	41.1843214	-73.19900815
2012-04-30 11:10:19	y,yu,knucc,kno,da,homy,fiqhtin	35.2490083	-81.3550844
2012-12-28 05:12:10	knew,happy,hour,turn,party,talking,thatsweird,sheisalwaystalking	32.67056057	-97.20213764
2012-09-04 01:38:09	Hate,waiting,eat,ordered,colossal,meal	46.849133	-96.8355273
2012-10-08 10:52:05	night,start,feeling,shitty,everytime	43.24689	-89.35552
2012-08-08 01:10:40	Potential,outcome,breaking,live,edge	41.90365216	-87.6673158
2012-10-04 20:06:19	Gonna,Love,x,Band,Hors,?	29.95255693	-93.98821766
2012-09-07 12:52:35	democrat,damn,Obama,Party,Vote	41.6709731	-72.7634071
2012-09-30 03:10:01	Guy,lying,love,Justin,Bieber	40.81655558	-96.70248871
2012-10-12 10:18:45	pro,Raddatz,brought,religion,abortion,MEN,discus,Empty,debate,moment	41.89929404	-87.67547303
2012-09-02 08:36:06	World,Music,Fest,Santigold,MCLyte,Marsha,Ambrosia,Slick,Rick,Atlanta,Masquerade	33.77087134	-84.36450183
2012-07-28 03:40:15	work,door,bottega	40.78429598	-73.50177007
2012-07-26 10:50:29	workout,clothes,expensive,ice,cream,cheap,thisiswhyimfat	33.6805565	-117.9234987
2012-10-13 02:02:31	Aww,Canadian,lady,thanked,pleasant,told,good,job,ilovecanadian	36.05340908	-115.2806349
2012-06-20 13:30:17	Lol,wanna,drive,car,ppl,chase,p	33.4679385	-112.3313486
2012-09-01 19:42:06	Fox,Hound,Oakland,Park,FL	26.186433	-80.13443448
2012-10-14 13:02:39	Firefly,panel,today,Malcolm,Reynold,Jewel,Staite,Kaylee,Sean,Maher,Simon,Perfection	40.64924145	-73.97953129
2012-09-07 07:34:23	color,cut,Salon,SI	33.839554	-118.25828404
2012-09-02 15:11:33	love,night,time,story,time,??	46.82034126	-92.0864487
2012-10-15 10:10:28	S,o,cute,stranger	42.4202855	-83.14346515
2012-05-10 09:30:21	gonna,lizardwe,mind,bug,spray	38.6521253	-77.3663615
2012-07-31 06:40:47	Time,loosen,notch,bible,belt,hugedinner	26.8477165	-80.0633185
2012-06-17 16:00:07	charge	34.05391024	-93.68825503
2012-06-29 21:20:49	Colangelo,Darien,CT	41.076033	-73.461823
2012-04-14 09:00:30	super,fn,hungry	33.815512	-84.254963
2012-07-05 07:40:53	Yep,move,Lls,??	39.1190277	-76.83477553
2012-09-11 09:36:43	love,Emabaras,Friend,picture	38.89902797	-76.51974438
2012-10-07 06:20:16	Texa,Roadhouse,Live,Oak,TX	29.564631	-98.335701
2012-05-30 08:00:28	ima,hop,bullit,belt,hood,statement	34.78266858	-82.39646247
2012-10-02 06:24:04	dissect,today,ACC,Riverside,Campu,w	30.23659193	-97.70403385
2012-04-09 03:50:03	Sunglass,advil	37.24473229	-80.42124896
2012-09-08 13:34:24	lie,leave,evidence	32.62518717	-90.04396628
2012-07-09 12:50:47	NY	40.69805675	-74.18098335
2012-09-29 08:36:38	Mayday,Parade,friend	34.11318409	-80.83506404
2012-06-30 21:00:57	put,twitter,jail,min	30.443873	-81.68397
2012-10-15 06:18:38	“,fan,local,nigga,date,”,lhh	38.66803772	-90.33642673
2012-06-20 11:50:50	RT,“,wanted,scientist,Lol,??”	33.92221768	-84.5729935
2012-09-22 07:06:41	Good,luck,BK,Racing,tonight	35.0026967	-81.67310835
2012-10-04 04:22:54	special,girl,give,forehead,kis	36.8027038	-76.52520318
2012-07-08 12:20:50	beautiful,day,experienced,long,time,Perfect,weather,feeling,relaxed	44.75779048	-85.86783259
2012-08-30 04:40:57	left,open,gym,finish,busting,ass	37.52124395	-77.51321036
2012-09-12 03:08:31	shooting,Fashion,Police,bird,eye,view,tent,Mercede,Benz,Fashion,Week	40.77277756	-73.98388672
2012-10-09 10:36:34	good,emotion,girl,talking,goodbye,week	30.03597326	-95.1769053
2012-09-01 06:24:51	put,kind,big,deal	38.1788067	-85.5668119
2012-09-07 05:58:14	badder,bitch,Drew,Barrymore	34.049801	-117.7407638
2012-04-24 11:10:23	hope,Wishful,Thinking	36.6237643	-88.3047204
2012-09-17 00:32:51	City,Wood,Cros,Wood,Cros,UT	40.87425932	-111.9021678
2012-08-29 04:40:30	Uccello,Ristorante,Pizzeria,Sport,Lounge,Grand,Rapid,MI	42.91518891	-85.58312058
2012-04-15 23:20:09	wanted,church,today	34.06770917	-81.1445337
2012-09-28 05:06:27	Otter,Creek,Middle,School,North,Terre,Haute	39.52406751	-87.3700499
2012-05-05 08:50:17	Castleton,Tower,close,conquer,year,Castleton,Tower	38.64782189	-109.37233435
2012-09-02 02:16:24	“,football,talk,Reiddogg,??”,hope,guy,hurt,haha	41.62497028	-83.47143402
2012-10-08 20:22:44	side,stand,point,argue,feel,girl,bothered	42.91217818	-85.59745389
2012-10-11 10:04:53	Truth,iss,Facebook,soo,dumb,”truth,love,Member,Blah,blah,blah,”	45.32902357	-92.9744041
2012-09-05 11:32:07	late,night,conversation,grate	42.6923718	-71.1517644
2012-05-06 11:40:16	fuck,chick,suck	42.90191324	-85.72740524
2012-10-13 07:48:55	Dorothy,damn,jail,tonight,ready,deck,h,e,mouth	39.24142083	-84.45822809
2012-06-08 20:40:09	Friday,live,w,IP,law	36.0500912	-86.74055897
2012-09-15 10:20:57	Aman,W,Copeland,Cheesecake,Bistro	33.79292237	-84.39665631
2012-10-11 10:44:00	glad,Duck,Dynasty	35.41028775	-81.50607632
2012-10-01 12:54:04	knew,worked,hard,muscle,tear,skin,bro,yoked,swoll	42.31129463	-88.89578752
2012-08-13 05:10:53	NHL,stupid,lockout,biggie,knock,NBA,arena,Clipper,Nation	33.8002924	-117.8821651
2012-10-08 08:42:35	Carrboro,NC,internship,Job,Art,Center,Intern,Art,Center,Job,Tweet,Job	35.9107512	-79.0814523
2012-04-25 11:10:07	S,o,mind	40.17079666	-79.73173519
2012-09-02 23:40:31	table,stop,talking	39.69511775	-74.25848745
2012-08-30 02:45:25	Koolin,tht,bihh,facebook,aht,da,damn,time	28.52844667	-81.43514573
2012-09-28 10:04:06	guy,Weeny,Lol,sort,obsession,word,Weeny	44.97249517	-93.272941
2012-06-15 12:40:54	Sleeping,clean,sheet,feeling,Goodnight,???	34.32025402	-86.51218305
2012-04-28 04:10:20	person,LOL,Fuck,God	43.51772958	-85.95956838
2012-09-06 09:16:21	Ware,beast,tho	36.78884818	-76.36919576
2012-08-11 13:50:03	Lol,situation,funny	41.55272667	-87.35252729
2012-09-22 08:38:00	Bout,bomb,hill,longboarding	36.0048078	-114.9693554
2012-05-28 12:10:48	change,fast,wasthatreallytwomonthesago	42.75064724	-83.24242063
2012-09-08 12:50:33	great,job,keeping,point,lead,Elliott,man	38.89408839	-77.09050544
2012-10-07 07:16:52	GNO,Cheesecake,Factory,w	35.15157812	-80.83022475
2012-07-05 11:40:30	teddy,bear	38.66230441	-89.85876865
2012-07-12 13:20:30	dig,bick,read,wrong,awkward,read,wrong,moment,awkward,awkward,”	33.76915881	-84.07952153
2012-09-19 06:34:16	Sideline,Chick,Start,Game	35.5101017	-78.3573263
2012-09-06 02:52:30	bad,bitch,ass,wit,Tyga	39.5189602	-121.57308
2012-07-24 07:50:09	fake,cool,lost,good,friend	33.6279106	-84.3571606
2012-09-26 08:32:09	Hanging,twitterles,Laura,Crimson,Whipped,Cream	35.213138	-97.445049
2012-09-29 04:56:53	Unanswered,Cartoon,Question,Krab,daughter,whale,?	34.7184334	-77.07023081
2012-09-16 12:50:30	suppose,hockey,season	41.80015931	-72.71590892
2012-09-07 11:02:26	crazy,Underbelly,sign,nice,solo,dinner,Deliciou,gazpacho,Underbelly	29.74495456	-95.39308855
2012-07-27 03:40:47	gonna,break,ankle,tonight	32.5043812	-84.9724662
2012-05-04 13:10:26	love	40.23418179	-80.05463742
2012-10-09 05:26:16	home,stay,hearing,shit	35.99454538	-79.98885577
2012-09-26 03:58:38	clas,favor,shower,annoyed,swatting,fly	42.25624332	-77.78809525
2012-05-14 01:10:39	“,lmao,packer,fan,Cena,fan,lol,work,boo,text,ya,”,verified	40.3028609	-75.8447547
2012-09-21 02:24:33	great,consistent,user,experience,w,clear,communication,la,carte,opt,apple,trap	40.68626338	-74.17913941
2012-08-29 15:00:44	hahahah,gues,Michael,win,gold,dead,ass,brother,medaled,???	39.88520625	-75.31572106
2012-09-19 09:00:46	good,department,birthing,floor	37.84462808	-84.32210683
2012-09-27 22:08:38	Boutta,exam,n,head,good,ol,bed	30.09442215	-95.99477165
2012-10-02 07:38:33	coolest,sentence,heard,talk	29.90110476	-95.58712009
2012-09-05 13:00:40	sad,part,people,spoke,DNC,yall,people,love,hip,hop,yal,quick,answer	30.41849826	-91.18307554
2012-05-08 08:10:40	pm,clas,smashing,Front,Squat,Swing,Cros,Fit,Soul,Cros,Fit,Soul	25.732395	-80.3118
2012-06-18 11:00:00	DISTURBING,Joe,Arpaio,Office,Arrest,Year,Alleged,Undocumented,Immigrant	32.43067239	-95.27834619
2012-04-28 15:40:34	veteran,loved,war	40.57209629	-105.09245703
2012-06-14 05:50:39	IDo,Bored,tweet,bored,lol	26.19879649	-81.71890969
2012-07-03 15:40:48	contact,text,bahaha	21.3915285	-157.7338025
2012-06-27 06:40:16	chilling,bottle,Bacardi	36.8448103	-76.25718433
2012-10-02 06:00:20	Wind,mph,SSW,Barometer,Falling,Temperature,°F,Rain,today,Humidity	47.45555556	-121.73972222
2012-09-04 06:25:49	dedication,day,gonna,hear,song,tomorrow	34.1792226	-84.5493308
2012-09-14 02:02:07	reward,celebrate,urself,hard,work,succes	34.18961	-101.7222901
2012-08-05 10:30:00	love	41.8617522	-71.3675285
2012-09-25 20:02:43	Oatmeal,hard,boiled,egg,breakfast,Packed,lunch,snack,work,determined,Sexy,Body	28.51287127	-81.36541095
2012-08-07 14:00:01	daddy,Mc,Nasty,lol	31.76462227	-106.43181089
2012-08-29 13:35:15	Cristian,Nipple,food,tooth	38.5464957	-121.228787
2012-09-17 03:22:14	follow,love,follow	44.68258587	-85.66847393
2012-05-23 10:20:29	FB,newsfeed,filled,mushy,mother,daughter,crap	34.4198198	-86.96784292
2012-08-02 14:30:17	“,??,love,Pim,?,love,great,show,mean,lot	40.60140154	-82.01973957
2012-09-11 03:16:07	Starbuck,Honolulu,w,pic	21.33587158	-157.86791325
2012-05-15 13:20:40	Omfg,repo,game,idu,car,paid,easy,ass,question	40.59668927	-83.11785407
2012-07-26 17:20:04	“,NP,Rick,Ros,ft,Wale,Drake,Diced,Pineapple,”,HITRECORD	40.82603026	-73.94990848
2012-10-14 11:14:24	Sooo,brother,pretty,called,hooker	32.9107601	-96.5599103
2012-10-01 07:06:17	SPF,show,cleavage,average,girl,lovehimanyway	40.53057694	-112.28504311
2012-09-02 13:56:46	Finally,learn,superbas,payphone,Impossible,uke,Accomplished,happy	37.9211656	-121.28591015
2012-12-28 04:46:08	heard,rough,cut,song,freaking,LOVEEEEE,ITTTTT,Omgggg	35.487815	-97.52585104
2012-10-09 13:56:18	book,moue,ceili,kadi,wacke,wicca,Tue,Oct,UTC	58.3019583	-134.4195958
2012-06-06 17:00:06	funny	38.29756802	-86.97237199
2012-09-20 09:24:15	goin,pretty,u,comin,school	41.23344839	-73.14548198
2012-09-26 00:40:45	clas,gonna,suck,entertainment,hearing,interpreter,?	44.47150604	-73.19697947
2012-10-11 21:44:35	walking,balance,beam,life,foot,lose,balance,headed	35.18923258	-85.19755111
2012-09-27 05:54:35	lmao,mane,nah,u,fuck,boy	29.77493368	-95.18641922
2012-10-11 11:58:29	Paul,playing,guitar,chime,PAUL,BAR,HOT,LOL,snoop	42.50840922	-82.99021121
2012-10-09 14:02:19	reason,bed,sleep,concrete	41.4451342	-74.02016153
2012-07-07 11:10:12	Martin,hear,cdfu	39.9668573	-75.2056357
2012-08-19 14:00:24	sleep,songs,repeat,Love,Music,Thinkin,Bout,Adorn	43.05218503	-76.18754108
2012-09-23 14:10:15	kid,ego,big,give,shiiit	41.79683449	-87.69249158
2012-05-12 08:30:09	Jk,horrible,doe	41.5815842	-73.1815424
2012-05-15 07:20:50	hair,long,yay	26.287944	-81.592998
2012-09-01 13:23:16	good,girl,mislead,ready,WORLD	38.11975742	-85.69695508
2012-09-21 22:14:54	kind,living,fashioned,priceles,vintage,antique,diamond,give,bby	33.50087622	-111.91176342
2012-05-02 04:00:18	Accident,Minor,W,South,St,Interstate,Orlando,FL,orlpol	28.5365453	-81.3830856
2012-06-15 07:50:18	caught,act,Biergarten,Standard	40.74055798	-74.00777996
2012-04-05 13:00:34	hope,brown,ring	42.45475024	-83.2790499
2012-10-05 06:10:18	caffeine,free,hour,energy,fire	30.38420447	-95.66435992
2012-09-17 08:42:38	humiliating,call,friendyou,act,year,Faultthat,excusenot,reasongrow,fuck,Child	42.31072067	-83.50812633
2012-04-26 09:20:42	u,hit,fool,pick,u	38.6483763	-77.3203165
2012-07-27 05:10:14	birthday,tweet,????	33.5809737	-83.9315438
2012-05-11 11:00:06	STROKE,SE,AV	45.50878613	-122.94471152
2012-09-02 16:30:35	Cereal,killing,goin,house,Dexter,Style	37.02506656	-76.34984219
2012-06-29 06:40:59	face,heard,bout,obamacare,SMH,DEATHOFUSA	33.65771	-84.450402
2012-09-13 23:44:35	data,rate,phone,great	43.11133021	-86.2077878
2012-08-12 11:10:10	lmaoo,yu,jail,burn,shit	43.18253	-77.60483352
2012-10-07 03:58:59	excited,put,TI,app,android,graph	43.07216389	-89.39483861
2012-05-04 07:30:04	celebrity,turn,legal,age,turn,naughty,justinbieber,mileycyru	47.49597478	-122.187772
2012-09-06 05:30:56	gaga,coming,Dalla,jan,thmy,birthday,NYC,ticket,buy,Ah	32.722973	-97.285725
2012-09-28 08:22:14	“,Sext,love,listening,poem,late,send,white,ass,Cuz,romance,agree	35.37514642	-80.67316436
2012-04-18 12:20:59	leave,child,argue,ima,maam	31.811358	-85.949528
2012-09-03 16:21:43	uncle,killing,snoring,God	39.12687016	-77.1996603
2012-09-03 14:07:45	Yippy,finally,Twitter,Goodbye,Facebook	36.04119562	-79.83202546
2012-09-23 02:36:02	Nichola,Imperato,pas,intercepted,South,Eric,Margoli,North,Rockland,Clarkstown,South	41.21483512	-74.01087563
2012-09-14 23:50:02	Billy,Idol,Rebel,Yell	33.43001232	-117.61656837
2012-09-25 22:12:41	Cranky,ass,people,Fuckkk	39.78042811	-86.37953829
2012-08-26 13:10:24	gonna,instant,snoozin,hit,bed	39.0319535	-74.9157919
2012-05-06 02:00:31	NBCUniversal,York,NY,w	40.75911138	-73.97954507
2012-08-19 02:40:22	Wah,annoyed,forgot,chin,brace,hatemylife	41.6434065	-81.407337
2012-07-11 02:30:14	confused,Royal,fan,soft,soft,sensitive,booing,personal	39.27554981	-76.56849931
2012-04-10 22:20:10	Dnt,relationship,ur,gonna,act,single	31.6029805	-106.2236706
2012-06-05 05:50:44	asian,kid,asked,u,hahahha,omg,Julia	39.02751553	-77.08120263
2012-08-20 01:50:12	Follow,follow	34.19298845	-77.92549345
2012-07-09 08:40:23	rhyme,write	38.09281424	-87.5572819
2012-04-12 12:40:59	jerk	33.095055	-83.267115
2012-08-19 12:20:18	public,safety,drove,ft,south,bitting,open,dorm,Lol,lazy,Ass,haha	36.08696354	-80.24047463
2012-09-27 10:00:46	Spend,take,kind	33.4236457	-112.2291388
2012-09-08 23:10:40	Saturday,morning,cardio,workout,livinghealthy,ty,inspiration	40.9103404	-72.63288434
2012-05-16 11:40:09	Relationship,sucked	29.14276748	-90.20624846
2012-09-25 06:54:48	Boy,thought,birthday,Girl,shoe,Boy,Girl,hair,Boy,girl,crazy,wtf	38.96766186	-84.09403038
2012-09-02 08:04:19	Whatching,Chimpanzee,Braiden,laughing,hard,stop,movie,catch,breath	38.7501221	-84.6063232
2012-10-05 20:00:34	buy,shot,glas,fucker	40.3448218	-76.28918184
2012-06-07 21:20:41	orangecounty,job,Admission,Coordinator,Sava,Senior,Care,Newport,Beach,CA	33.62088	-117.92857
2012-05-07 23:00:10	thought,brilliant,plan,asleep	32.532602	-97.3376095
2012-06-03 23:30:21	Mai,eu,quero,ficar,nao,quero,compromiso,niguem,ficar,porque,beija,nao,boca,nao,è,namorar,??	30.29578552	-87.66110402
2012-10-16 09:00:45	Hey,wanna,ROCK,EFFIN,WORLD,CHICA,LOVE	32.67566456	-97.38286232
2012-09-24 04:06:29	absolutely,LOVE,alternative,music,sooogood	36.89115153	-89.57871658
2012-09-02 11:49:47	Beautiful,green,necklace,sale,e,Bay,vintage,antique,jewelry,green	41.9307716	-93.5717382
2012-04-12 11:40:42	shake,baby,titty	33.55564177	-84.28183079
2012-10-16 04:58:31	everyday,love,u,Blog,Refresh	33.408482	-112.027487
2012-09-26 03:46:21	tweet,late,bad	41.8088758	-71.4357064
2012-04-30 20:00:16	Comcast,Cable,w	36.01028768	-83.83776527
2012-09-11 10:32:53	Hold,close,young,tiny,dancer	40.90795784	-81.10614088
2012-10-05 04:10:27	Big,Michael,Teach,show,today	41.918989	-87.650259
2012-10-06 09:14:37	feel,unwanted,single,relationship,ddnt,person,commit,place	40.7112443	-74.2361448
2012-06-22 08:00:41	omg,pas,older,brother,haha	44.79029	-93.21136
2012-05-25 00:50:30	patience,year	39.99593214	-83.01003493
2012-09-06 04:52:26	Gonna,nap,feel,good	41.7470205	-72.7036509
2012-08-03 14:10:51	problem,?,lol	40.18797206	-85.37142109
2012-07-19 02:30:17	haha,yup,love,em,thick,haha	37.7852522	-122.4188516
2012-04-24 10:50:55	find,tip,drill	40.31040573	-88.16949234
2012-08-26 05:40:06	Piney,goodnes,White,Lake,State,Park	43.83336953	-71.21875544
2012-09-29 15:14:44	Sydney,Swan,Australian,Football,League,Champion,Sydney,Swan,AFLGF,AFLGrand,Final	37.07096337	-122.08636885
2012-09-02 02:40:08	Heart,ready,photoshoot,??hopefully,smile,time,lol,Portrait,Innovation	32.82777895	-79.83240448
2012-10-15 09:26:30	guy,act,girl	30.20345583	-95.26528348
2012-09-26 22:42:24	HPES,GBS,P,S,SRM,NSSR,SME,Desk,Pontiac,MI	42.62215603	-83.26442807
2012-08-23 07:55:40	girl,good,people,glad,earth,people,famou	30.1804134	-95.538654
2012-04-25 15:20:15	pt,early,mornin,time,heavy,contemplation,deep,sleep	21.4960902	-158.0551377
2012-08-05 17:00:28	everbody,reading	34.02369794	-118.16228241
2012-05-20 03:40:38	Post,basketball,practice,grub,sesh,Armon,Cafe	34.13863222	-118.21413888
2012-09-22 12:08:46	wait,play,red,oak,basketball,Llab	32.6078436	-96.7747371
2012-09-26 09:36:12	Lmfaoooo,Yess,t,t,Hat,cuh,cuh,lol,Quit,big,ass,baby	35.0441903	-81.1471931
2012-05-22 23:30:18	Morning,love,day,started	29.5564116	-95.78979807
2012-09-14 07:48:19	Ima,creep,cafemain,lovely,Cafe,Main	38.88923238	-94.53596597
2012-04-04 01:00:30	stuff,good	33.8727661	-98.5305684
2012-09-07 12:28:18	Nightly,routine,face,wash,glass,hibiscu,herbal,tea,phone,call,boo	36.0865735	-119.0581765
2012-07-24 12:30:18	jellin,foe	41.3463546	-87.61829578
2012-09-12 06:30:31	sitting,clas,minute,nooooothing,home,?	33.82840987	-118.02630429
2012-06-27 07:10:45	hang,Nico,shrunken,head,version,Casa,de,Laura	34.12516785	-118.23000336
2012-08-19 15:40:15	lml,yea,yea,yea,ghost,paranormal,activity	34.00235312	-84.75127629
2012-09-17 07:04:09	People,Straight,Feel	39.2787228	-81.5416996
2012-10-07 23:42:50	msg,Adrianna,crazy,friend,sayin,stealing,Ben,frm,Adri,Ben,Beaty,girlfriend,?	37.72759435	-88.93554859
2012-08-24 14:10:53	Moistiesif,burger,ya,wet,slut	41.73329536	-81.27674149
2012-09-13 01:32:47	fun,clas,weeka,clas,literally,changed,future,LA,Dance,Life,Liv,Art	34.164992	-118.374319
2012-09-25 23:16:21	happy,birthday,dude,shred	29.19700643	-81.05089455
2012-05-29 03:10:27	“,feeling,school,tomorrow,”,yeah	39.63622402	-75.62444589
2012-07-10 00:10:55	lmao,thought,meant,debate,AC,movy,game	40.06039011	-75.14971836
2012-09-28 14:36:38	Phoenix,Sky,Harbor,International,Airport,PHX,Phoenix,AZ,w	33.43562441	-112.00306606
2012-05-27 11:30:34	Sasquatch,Music,Festival,George,WA,w	47.10011773	-119.99138832
2012-08-11 00:10:01	mouse,gros	36.13213428	-86.79573489
2012-06-18 04:50:33	rowwww,yankee	40.75537075	-74.78304707
2012-07-08 14:30:32	Follow,Instagram,Follow	21.4969432	-158.0764485
2012-10-08 04:20:26	Ma,hoe,start,call,da,blue,y,Cuz,yall,gettin,shit,dnt,yall,datz,y,yall,hoe	41.04250843	-81.5502278
2012-08-12 10:20:37	ass	34.98608546	-78.57444772
2012-04-10 09:10:52	great,fun	33.68313728	-84.50862422
2012-10-11 19:38:40	Interchange,Birmingham,AL	33.39357682	-86.78491116
2012-08-08 03:10:33	HEINEKEN,Pool,Bellagio	36.11204993	-115.17761707
2012-09-15 11:52:51	u,cuz,Ps,baaaaaby,blonde,hair,ibi,seeeexy	33.85285752	-84.29717034
2012-07-19 06:40:32	Wanting,rain	26.2266958	-98.2952216
2012-08-21 06:10:43	waf,missing,anymore,tsunami,tide,eye	40.12608604	-74.04621994
2012-09-02 12:29:21	Shot,drink,beer,Tavern,Bar,Grill	35.08970217	-80.86686981
2012-09-27 08:40:01	Called,mom,room,turn,fan,lazy	31.66333555	-81.85488414
2012-09-03 23:50:41	hrs,min,Dedication,gonna,shitty	39.1607451	-84.499864
2012-10-04 07:36:33	learned,lesson,stop	32.32873466	-111.04456348
2012-05-30 06:40:17	“,Mention,good,singing	30.62835073	-88.24962091
2012-08-02 15:40:40	lazy,Lazy,Art	32.18929986	-107.81930454
2012-07-08 13:50:09	lol,head,horsey	39.35690943	-76.72484778
2012-09-02 06:04:00	Lake,Charle,LA,Sat,Sep,st,PM,Forecast,TONIGHT,Chance,T,Storm,Lo,SUNDAY,Chance,T,Storm	30.24	-93.2269
2012-09-17 03:22:23	run,president,vice,president,pretty,give,free,wifi,worry	27.1359766	-80.1877586
2012-09-11 11:36:18	lol,true,?,chapt,read,final,amputation,good,?,grad,????????????	29.51458749	-98.50360053
2012-10-07 06:40:30	week,including,walk,onsor,scout,team,Football,Coaching,Eye,WIDEOpen,Walk,Ons	39.1503692	-84.4169423
2012-04-30 05:40:36	yeah,feel,yeah	33.46873025	-112.3024016
2012-07-26 10:50:52	Good,night,Holiday,Inn	33.6169648	-78.96092055
2012-10-08 07:10:28	Holy,shit,bed,week,feel,good	42.8289709	-88.7208346
2012-07-01 01:20:41	“,vacation,lol,u,long	37.99769176	-84.21715581
2012-09-01 15:55:04	Wat,happen,thought,cool,lol	34.34345775	-82.9350248
2012-04-03 09:10:04	Temp,°F,Falling,Wind,mph,Pressure,Rising,slowly,Precip,today,weather	45.07583333	-93.26694444
2012-10-11 05:08:30	notice,phone,case,stand	33.02872554	-96.69549736
2012-04-01 23:00:09	Good,Morning	34.995175	-85.279368
2012-06-13 08:00:42	l,Ol,female,cracking	29.03350035	-82.18373707
2012-09-24 01:54:47	tire,changed,flat,night,donut,tire,finally,carsaresomethingelsesometime	40.9049124	-81.1611312
2012-09-09 06:04:25	u,ride,fa,yo,nigga	31.3919167	-90.4798085
2012-09-13 13:50:03	guy,grinding,shit,gear,horrible,driver,Stick,Shift	34.2013096	-118.4041442
2012-10-03 11:20:46	find,play,hide,seek	38.9595319	-95.23791265
2012-09-23 12:26:03	NP,MEEK,MILL,NORTH,POLE	41.9635758	-87.6558058
2012-07-26 10:40:09	blizzard	39.879414	-82.968731
2012-10-07 08:00:01	climb,hill,Hollywood,photo	34.0522342	-118.2436849
2012-09-02 09:26:35	fun,today,brother,uncle,fun,Watching,movie,drinking,beer,Yeah	36.70319724	-121.6292142
2012-10-07 10:36:56	text,n,u,wait,reply,n,wait,wait,wait,suddenly,u,damn	33.46748607	-82.08031822
2012-09-18 06:34:30	Flamingo,lovely,leg,Flamingo,Wildlife,Habitat	36.11636343	-115.171179
2012-08-13 12:10:31	Typo,error,nos,noz,X,tired	36.13712366	-82.72910609
2012-07-23 10:10:10	nope,imma,nap,den,gerbil,bored,yayyy	39.99933375	-75.11994685
2012-09-10 06:52:12	Gotta,drink,early,tonight,gotta,wrk,da	34.03928597	-81.10478629
2012-08-21 12:20:34	City,Moon,Bay,Moon,Bay,CA	37.46711959	-122.43370056
2012-10-06 13:02:21	Knott,tomorrow,D,scared,excited	33.9603587	-118.2079186
2012-10-12 07:34:27	day,school,fucking	30.1643968	-97.7702357
2012-05-09 15:30:13	Wind,mph,Barometer,Steady,Temperature,°F,Rain,today,Humidity	37.65583333	-97.27333333
2012-09-16 03:46:34	pizza,spot,beer,apartment,SUPER,convenient,Walter,Pizzeria	39.7461453	-104.97997217
2012-09-27 05:30:56	IHave,Confes,hate,tweet,wow,gonna,lot,retweet,end	43.5587316	-85.7727945
2012-04-22 11:00:38	rivalry,DVD	41.68427509	-70.95838574
2012-05-12 10:40:14	tired,usual	40.865439	-73.411389
2012-09-10 01:46:17	Hoe,Bitch,Mad,Ctfu	41.46603845	-81.59036635
2012-04-29 19:20:30	damn	41.76754575	-87.6562817
2012-08-29 11:10:33	Super,sad,sweet,girl,starting,kindergarten,tomorrow	37.4973101	-98.6853427
2012-06-01 10:30:08	yeah,elmo,called,pube	36.24378836	-115.04065463
2012-08-03 06:30:17	shit,Nigeria,nigga,mustve,pop,shit,club,night	35.2589166	-78.3587793
2012-09-28 15:12:40	Painted,Desert,arizona,painteddesert,sky,landscape,nofilter,desert,damnnature,Painted,Desert	35.06595714	-109.78213324
2012-09-25 04:52:38	feel,working,tonight,?	30.44461702	-91.13051212
2012-05-24 11:20:48	dang,u,blind,yo	32.60985732	-90.01278877
2012-09-03 14:29:30	Good,night,mention,RT	33.61469858	-84.02414832
2012-04-10 10:10:19	Mo,scaring,hope,havnt,hit,wall	40.77688743	-73.81309192
2012-06-08 09:50:58	Pat,Castleberry,Worldwide	35.49350416	-97.52524946
2012-07-25 18:00:19	Breakfast,Time,x,Wake,early,Morning,Listen,Song	33.746306	-84.1856564
2012-09-30 23:44:43	“,Guy,Put,effort,conversation,”,??	32.38588556	-94.87536197
2012-04-11 16:10:02	weekend,watch,Jame,Cameron,Movie,inspired,greatest,disaster,history	33.82722922	-118.3608655
2012-09-18 11:22:43	Pandora,listener,put,poet,Ninja,simone,gill,scott,public,enemy,afro,Caribbean,SMOOTH,FALE	41.82245912	-87.63034591
2012-08-08 13:00:23	“,feel,bad,people,call,asshole,”,asshole	40.7074797	-111.97071307
2012-06-30 05:10:26	Bdubb,Ted,tonight,join	41.8384198	-87.7508841
2012-09-18 13:38:10	yeah,bad,habit,stop,starting	38.79003241	-90.71222111
2012-10-09 11:52:02	sick,hate,feeling,hatebeingsick	33.48115251	-94.01979706
2012-09-04 15:32:51	Por,mas,ke,kisiera,ir,meno,lo,voii,aser,te,puedo,dejar,Ere,todo,para,mi,Ere,mi,felizidad	31.777147	-106.447337
2012-09-27 01:26:37	b,Ad,bitch,side,rollercoaster,ride	30.0903765	-94.1293276
2012-05-03 08:30:56	love,twitter,Lyric,George,Strait,song,Good,Time	42.49413894	-90.70426594
2012-05-08 11:10:24	start,sailing,airplane,water,loveyoulittle	39.33046938	-82.0967439
2012-09-20 00:28:27	eat,lunch,decide	42.5616794	-83.1580386
2012-09-04 04:08:54	Talking,emoji,text,CONVO,waaaaay,funnier,UR,EMOJI,GAME,LOL	37.86432138	-122.26437436
2012-09-07 03:04:34	salesman,baby,tired,good,truth,liar,modernlove,mattyn	42.04170477	-87.88354947
2012-10-12 13:56:02	Eye,eye,chest,chest,freakin,married	35.0091597	-89.842277
2012-06-02 15:50:32	home	41.41870832	-82.68483208
2012-09-24 01:20:39	u,remember,handi,cap	21.3470387	-157.9204022
2012-04-28 05:40:01	week	33.976949	-98.525406
2012-09-02 04:10:29	Omw,wash,cloth,cool,kylo,meet,Asia,pour,turn	35.05005602	-78.87120215
2012-09-04 01:25:51	shittiest,person,award,nap,feellikeanidiot	42.28966019	-79.58085967
2012-08-07 17:10:19	hit,lmao	34.49045465	-117.38574015
2012-10-01 05:56:19	dad,drunk,singing,cai,luong,fella,party,Gucci	37.3330171	-121.8562399
2012-09-22 07:18:42	pro,na,doe	46.86055581	-96.87598161
2012-09-13 05:40:45	ole,stompin,ground,Raleigh,NC	35.83455609	-78.60303872
2012-09-04 09:54:47	grandma,shopping,love,woman,?	39.18516687	-94.90018909
2012-06-29 20:30:00	God,Holy,Spirit,guide,Father,Son,Spirit	33.75603865	-84.75979972
2012-10-07 12:28:35	bahahahahahaha,loser,tweeting,stop,account	32.76919774	-96.91181806
2012-08-23 07:05:48	Totally,English,College,credit	36.1054931	-115.2368595
2012-09-26 08:14:39	happpy,national,sister,day,biggest,bitch,bitch,bestfriend,?,loveyouu,?	41.69817184	-84.05630149
2012-10-13 08:04:00	“,frito,pie,served,day,day,”,Bottom,stay	40.72314345	-73.99879283
2012-09-10 13:56:25	Time,give,shit,shot	34.15168052	-118.13367898
2012-09-05 14:02:16	parrot,downtownlosangele,typical,Tuesday,spring,st,bar	34.04522538	-118.2517503
2012-08-21 14:50:51	sound,good,start,Monday,text,lemme,free	40.68849863	-73.36828658
2012-06-09 01:10:57	Downtown,flow	41.90725035	-87.63952832
2012-09-24 20:20:47	hour,min,study,exam,?,Cunningham,Hall	41.14587674	-81.34163618
2012-10-03 07:32:39	feeling,grizzly,today,whatajerk	43.0666267	-89.3335562
2012-10-03 04:56:14	interview,put,urban,outfit,fml	38.05985391	-78.49133313
2012-10-05 16:44:28	fun,moved,lol,partytime,OAK,Nightclub,w	36.12210833	-115.17399869
2012-05-25 07:10:28	Zoup,Ann,Arbor,MI	42.30382485	-83.70911479
2012-04-03 12:40:43	Couch,earl,favorite,song	41.20947573	-96.06735234
2012-06-14 01:00:57	enjoy,day,safe,?	41.45453949	-81.54600232
2012-04-11 01:10:37	GREAT,lol,RT,Wiz,song,good,wake,bake,Lmao	33.24065496	-95.90935734
2012-10-07 08:54:02	big,U,football,red,headed,step,child,turd	41.91362849	-87.68559167
2012-04-05 20:30:08	Psalm,feel,hold,world,hand,healer	40.75546584	-74.05209044
2012-10-02 12:20:28	lot,phone,call,tomorrow,lot,googling	33.89972709	-84.49742041
2012-09-17 10:46:31	Street,Promenade,Santa,Monica,CA,w	34.01608182	-118.49674344
2012-09-02 06:54:15	Mom,tasting,miyagi,oyster,time,Taste,Sonoma	38.5212326	-122.89717102
2012-04-12 02:20:50	love,survey,Chuckwagon,pic	34.44952932	-97.6710054
2012-06-29 04:20:19	lowkey,lol,feel,homie	34.66924212	-80.78480877
2012-06-07 09:30:33	Saturday,beach	41.2728373	-82.8325089
2012-05-31 12:50:49	red,hat,pis,red,hat,lol,aleagueoftheirown	32.46466637	-85.03139727
2012-08-11 07:40:24	Red,Door,Wine,Market,w	28.03331149	-81.95611954
2012-04-09 00:00:16	Resurrection,Sunday,died,buried,ressurected,Life,Grace,Truth,Church,Yonker,NY	40.9592553	-73.883937
2012-07-01 13:20:20	Twit,Zip,Building,Twitter,Zip,Code,Infrastructure,Consistent,Public	32.095699	-82.05252
2012-09-30 16:10:00	lmao,shitty,looked,Village,Inn,looked,gros	35.1003557	-106.5444445
2012-10-03 09:42:17	hoe,ont,squad,wiffing,shit	40.6119182	-80.261691
2012-09-03 12:59:29	finally,chance,smoke,hookah,long,time,??	40.78303269	-72.91835087
2012-04-16 21:20:54	Eminem,Sighting,Indio,California,Empire,Polo,Field,celebrity	33.6782	-116.236
2012-07-11 11:30:59	Mom,fun,busted,lip,mom	37.9323628	-121.29033235
2012-09-06 05:32:19	“,fort,mill,Lol,”,lmao,fort,lawn,bro,haha	34.73670775	-80.78755869
2012-04-06 13:30:45	Beauty,pretty,face,pretty,mind,pretty,heart,pretty,soul	39.53288191	-106.02941802
2012-06-26 07:10:53	ctfu,kcoo,feel,ya,heard,dres,classy,give,job	30.3694972	-88.5150813
2012-09-04 06:42:34	D,stupid,fire,yall,cop	39.83772498	-86.11266358
2012-09-07 18:46:42	Shout,ugly,live,bitch,school,doubting,team	38.12654591	-85.5993242
2012-10-05 11:44:54	Vega,bday,ready,gonna,tear,ishhh,yeee	34.3677938	-118.5054058
2012-09-15 07:12:16	Slowly,running,people,comfort	40.2278531	-76.8987085
2012-09-17 09:46:34	favorite,time,daydream,headphone,music,loud	29.49803893	-95.28686523
2012-10-03 21:20:39	Haha,real,tho,bet,day,watch,pay,idea	40.64963652	-74.34666507
2012-07-05 15:00:33	“,Goodnite,tho,”	33.4504592	-91.00369913
2012-09-05 20:40:16	Quicken,Loan,Headquarter,Detroit,MI,w	42.33235221	-83.04661792
2012-09-23 13:20:08	Ayee,doublehtown,pickupyourmoney,song,hard,shit,ayee	30.0307949	-95.511661
2012-09-22 12:28:06	tattoo,hold,deep,memory,forget,oldlove,backinoseven,whydidyouhavetofuckitup	32.81694075	-96.63531761
2012-09-16 04:44:52	mexicanfood,lunch,tilapia,carnita,?,El,Tapatio	39.711595	-105.07811
2012-09-16 22:48:11	slept,good,bed,lol,?,prolly,time,?	37.60328511	-77.47290968
2012-05-22 04:00:11	Watch,video,twitvid	42.4492125	-82.9499101
2012-09-17 20:18:18	pajama,wearing,yoga,pant	35.27021638	-87.33501208
2012-08-29 10:20:37	soooo,girl,Mann,tomorrrow,day,school,yeah,man,kinda,week,goin,fast	29.8148739	-95.7296502
2012-06-26 02:20:12	Issaquah,Food,Clothing,Bank,program,child,fed,summer,Issaquah,Pres,Mint,Grove,Sammamish,WA	47.52437	-122.048453
2012-09-14 20:52:50	Duck,Slougt,Trinity,Odessa,FL	28.18498711	-82.63631359
2012-10-04 08:02:03	email,adrian,LA,Hollywood,table,reservation,bottle,nightclub	34.10231625	-118.34821422
2012-09-01 21:53:10	weekend,iowa,City,Pregame,bag,tourney,tailgate,Ur,Wait	39.71978398	-104.77537234
2012-08-02 02:10:46	Society,Hill,Philadelphia,PA	39.9429018	-75.15130162
2012-09-07 02:52:45	Check,Facebook,Tag,comment,tshirt,win	40.74247244	-73.99143148
2012-09-16 01:24:48	Alot,bitch,bad,bad	40.8979851	-81.10708237
2012-08-10 23:10:12	book,school,shopping,Late,Registration	38.0108099	-87.50711136
2012-05-22 07:30:09	Apparently,parakeet,devilish,creature	39.68175163	-121.77525576
2012-09-01 08:39:56	Air,Play,direct,solve,car,navigation,music,inch,screen,connected,car,audio,apple,TV,dash,aapl	37.30821052	-122.03100636
2012-05-24 06:40:16	Stolen,Vehicle,Cinderlane,Pkwy,orlpol	28.6050248	-81.4300784
2012-09-18 05:18:47	meatlessmonday,sell,vegetarian,hotdog,Burger,sw,Ave,Miami,Fl,Today,close,pm	25.7464997	-80.30292158
2012-09-11 01:32:10	fun,colored,beard,bare,foot,throwing,?	35.54511523	-82.5271301
2012-10-01 23:12:03	lie,everyday,hair,hahaha	33.8290407	-117.9483358
2012-09-07 05:54:36	Soft,opening,tonight,entire,purchase,Ann,Taylor,Ann,Taylor,Regency,pic	41.25953	-96.071273
2012-09-13 18:10:37	AMF,Bowling,Center,Accounting,Job,Senior,Accountant,Mechanicsville,VA,Job,Tweet,Job	37.6087561	-77.3733139
2012-10-08 07:22:20	agree,completely,glad,opportunity,learn,sad,student	36.86737974	-101.39634212
2012-10-09 12:30:21	asdfghjkl,n,school,earlier,tomorrow	40.7967661	-74.4821354
2012-09-01 10:10:59	blue,moon,August	36.6732373	-101.49643139
2012-09-02 09:14:57	SEC,football,conference,NCAA	29.74108064	-95.50266185
2012-09-27 05:48:51	grad,bottle,time,LEX,Reisterstown,Wine,Spirit	39.449252	-76.81432
2012-09-27 23:26:25	Love,Tokyo,expres,run	36.08992562	-80.22268052
2012-04-29 10:40:00	Shady,kind,night,gues,?	34.73466303	-92.39399484
2012-06-05 13:00:24	hey,boo	40.00674888	-75.15529441
2012-08-07 13:00:13	love,M,Jakob	36.4894807	-78.5192453
2012-09-23 11:58:54	brother,named,lee,show,phenomenal,lovelovelove	30.26863611	-97.73609748
2012-06-23 00:30:43	u,gotta,follow,cud,dm,u	41.09924227	-73.42819743
2012-10-11 10:38:28	youthgroup,church,game,crazyyouthpastor,kid,fun,sunkist,community,church	33.8333559	-117.88165271
2012-04-06 05:10:47	Ooooo,dramatic	41.21738188	-80.74668962
2012-05-18 10:10:47	Mayer,Hawthorne,Park,West,w	41.91847727	-87.63749548
2012-09-07 08:00:09	direction,gonna,blow,month	33.10664894	-96.81534924
2012-09-16 23:46:44	SD,Wassup,EXCLUSIVE,MUSIC,VIDEO,Prod,Young,Chop	42.8734374	-73.7772274
2012-05-21 20:20:02	struck,funny,Mad,ppl,sociallyawkwardpenguin	40.7422	-73.99288
2012-08-29 14:50:30	circa,people,talk,lebron,hairline	34.17132124	-118.36455565
2012-08-05 23:30:33	good	40.73039662	-84.15212947
2012-08-11 08:00:50	haha,Give,hour,hour,spotles	41.58279074	-83.6378283
2012-09-22 02:24:00	Bean,Broad,Grove,City,PA	41.160349	-80.08645
2012-06-16 14:20:29	stomach,hurt	41.502912	-81.700046
2012-09-01 10:49:10	S,O,cute,avi,yall,follow	41.8559125	-87.7281644
2012-06-01 22:40:13	HAPPY,FF	40.7615752	-73.96813313
2012-07-14 03:30:49	thought,LA,traffic,bad,honestly,LA,Friday,lunch,time,traffic,bad,Sunday,night,ATL,trafficfacta	34.1844459	-118.90219714
2012-08-10 12:30:58	Tired,buut,dontt,wanna,sleep,P	45.56445108	-88.84333257
2012-09-12 15:10:33	S,O,follower	27.8137961	-97.0686797
2012-09-07 02:36:05	growth,longer,hair	39.2253747	-84.5997769
2012-09-04 01:41:08	hahahahahaha,omfg,ti,alot,class,man	37.27271975	-79.25631895
2012-05-16 14:00:30	alot,brain	30.2117001	-92.39788043
2012-06-02 04:30:37	asshole,win,sayin	29.8020384	-94.90972032
2012-08-04 21:20:50	Good,Mornin,Lisa,Lisa,Aww,proud	33.70626628	-78.86270176
2012-09-03 23:52:54	Bend,touch,RT,bend,ova,touch,ya,toe	34.6951601	-86.5776765
2012-04-06 13:50:27	stop,Lol	33.56656035	-84.02544574
2012-10-05 04:48:30	Act,woman,man	40.7432807	-73.9250389
2012-09-29 01:24:03	crazy,uniform,guy,attractive	40.48089534	-74.43182109
2012-09-26 05:14:57	SFD,Station,Springfield,IL	39.76572618	-89.71591749
2012-07-06 14:10:48	Fishing,trip,weekend,fun,Good	30.50716974	-97.62459112
2012-09-24 12:04:42	claim,smoked,Ima,steal,yo,hoe,hoe,nigga,hoe,nigga	41.4076438	-82.6917215
2012-06-17 13:00:11	nl,Nothin,Wiz,Khalifa,chainz,brotha,cruisin	39.96055413	-75.17200697
2012-09-30 04:12:00	ousted,Dalton,H,mayor,Sonic,Drive	36.29851378	-95.32154175
2012-08-18 07:10:43	Lili,Mickey,Friend,Parking,Structure,—	33.814163	-117.924722
2012-10-11 21:16:08	Ohhhhhmyygod,chill,hear,thunder,nn,goodmorning,c	33.8917232	-118.2063034
2012-04-09 14:50:10	work,sleep,wheimdead	42.18946719	-88.08129804
2012-09-02 13:08:19	drinking,white,Gin,Tomorrow,drinking,dark,Hen	33.470287	-112.170217
2012-10-03 21:22:39	traveling,breakfast,weekly,tradition,York,Bagel	29.67453244	-95.49414039
2012-05-07 09:50:06	Crox,w,pic	41.623483	-83.586437
2012-09-27 08:14:18	Redondo,Beach,Marina,Redondo,Beach,CA	33.84245487	-118.39163226
2012-04-09 20:50:25	Dis,Dawg,Dat,Kitty	33.86255524	-81.39185338
2012-07-03 05:00:20	Split,tease,Ugh,coulda,slept,til,tomorrow	41.44632698	-82.68677485
2012-06-30 12:10:33	WTF,wrong,eye	37.58527917	-77.40104303
2012-09-01 10:50:04	thought,bed,early,friday,nightbut,tired,af	33.019939	-80.2043565
2012-08-13 13:20:56	“,today,ready,tomorrow,”	36.8267114	-76.3336111
2012-09-20 01:10:31	posted,photo,Palisade,Colorado	39.11505725	-108.39452277
2012-04-11 07:30:47	Desert,time,??,South,Beach,Miami	25.79296	-80.12628
2012-10-16 05:38:24	Fresh,Market,Charlotte,NC	35.15646051	-80.79507813
2012-09-30 12:08:58	Toooo,late,D,babe,°,°	28.8861788	-97.71649312
2012-09-09 12:46:52	tired,fall,sleep	41.19577572	-73.96447023
2012-09-28 06:58:50	good,working,left,thought,practice	30.49787248	-97.57557173
2012-09-23 14:22:52	Tyler,omg,literally,popping,newsfeed,stop,Omg,profile,Tyler,shit	42.52450007	-71.08736135
2012-08-25 09:05:06	fuck,nicknamed,Muscle,Hamster,Buc	43.52708508	-70.3645921
2012-06-25 13:00:52	Night,trek,Sudbury,spent,Mile,City,Montana,Gnite	46.39279625	-105.82188553
2012-07-18 14:40:32	GN,TWEEPLE,Love,yu	34.11950238	-79.77687293
2012-05-15 11:10:21	Followingg,Follow,Bac	38.88396374	-76.94073222
2012-10-09 10:06:10	starting,click,day,installation,Moxy,Lair	47.68283462	-122.35533142
2012-09-01 11:49:18	Ahhh,working,lift,tonight,seeeee	44.47561146	-73.21271595
2012-09-12 20:16:47	duck,face,p	33.18528301	-94.71099201
2012-09-16 19:46:06	Colour,Yellowstone,National,Park	43.8440262	-110.51786385
2012-10-04 20:34:40	early,Carrie,underwood,concert,room,blownaway	41.62794097	-70.99906385
2012-04-02 22:30:38	Snappy,fix,door,gonna,cry	26.1352735	-80.2760351
2012-09-24 11:02:06	juicy,j,concert,November,Portland	44.95871854	-122.97199083
2012-04-25 04:10:24	Uggh,attitude,day	37.04262543	-76.32099931
2012-09-19 16:58:00	team,fat,winter,lol	31.595418	-94.6224072
2012-06-15 04:40:47	yay,yay,yay,yay,????????	34.05292251	-84.77460287
2012-10-01 02:14:42	beat,oconee,county,Beat,tied,goat	33.59840168	-83.4510737
2012-10-05 00:42:39	Absolutely,amazing,article,social,dynamic,dating,written,Nicely	37.79101631	-122.40186634
2012-09-04 22:08:16	trade,world,?,good,loyalty	33.70121642	-84.15819708
2012-06-30 19:00:16	zombie,pony,bathsalt	39.15703272	-84.57571557
2012-09-11 11:04:35	Mfs,worried,wrong,shit	41.50359667	-88.15831063
2012-07-29 10:20:08	Tweet,Tweet,Tweet,Tweet	32.89371299	-81.05294817
2012-10-02 21:10:22	Comfort,Zone,Lake,Buena,Vista,Florida	28.38754812	-81.49791885
2012-09-17 15:50:03	CONTROL,NIGHT,thebrowning,m	39.99293233	-75.122261
2012-07-24 18:10:16	u,statement,true,line,true,cuz,ur	39.896751	-82.954028
2012-04-02 22:30:22	Heritage,High,School,Walland,TN	35.76357738	-83.86241913
2012-09-04 05:46:23	Killing,Dese,Hoe,Yo,Hoe,Graveyard	42.9177015	-78.7935495
2012-09-27 08:26:18	info,monthly,party,held,Hit,promoter	41.45104463	-82.17211124
2012-09-14 09:54:00	Fina,eat,mah,mama,Applebee,Neighborhood,Grill	38.712732	-90.354764
2012-05-20 12:00:12	f,outta,twitter,long,Space	30.86508794	-96.96791718
2012-04-08 03:10:51	Crap,Boulevard,Mall,w	42.98854507	-78.82008076
2012-05-04 01:50:33	Shower,Time	34.0630302	-117.9937284
2012-09-17 08:00:17	Zone,Auto,Zone	33.4587759	-82.4957252
2012-09-13 08:26:05	G,shock,nation	41.96582	-91.70341
2012-10-13 02:08:01	break,w,love,swinging,bachelor	41.0998821	-80.74370676
2012-09-27 04:56:23	hungry,ashell,needa,eat,whdn,home	39.92688583	-75.06947523
2012-04-23 09:10:52	Shit,Turbo,Woof	30.41968962	-97.84434842
2012-09-02 15:02:49	WI,Neenah,Financial,Service,Sale,Country,Financial,Neenah,WI,WI,Neenah,Financial,Service,Sale,Job,N	44.184067	-88.46154
2012-09-27 08:44:00	church,ride,sister,car,pop,lend	35.36428908	-119.00228085
2012-10-01 22:10:29	Merrill,Hodge,simply,life,ring,career,backup,Pittsburgh	41.4015615	-92.92042865
2012-05-17 10:20:09	Haha,Jeffa,Phone,Puff,Gift	36.028591	-115.11787577
2012-08-17 14:10:58	nawhh,teasing,jump,bone	34.25394776	-83.86193172
2012-09-02 19:46:43	yea,today,Sunday,lol	38.83696654	-77.05700012
2012-09-17 22:00:51	hope,calm,wanting,fight	34.9747946	-81.9834223
2012-08-18 16:30:06	kinda	39.42424774	-76.3667469
2012-10-01 13:18:32	HARASSMENT,THREATS,Location,E,COLUMBIA,ST	47.60919752	-122.30957495
2012-04-22 09:20:17	sensitive,Cried,ABaby	26.40349681	-81.80728183
2012-09-29 10:10:29	“,Unanswered,Cartoon,Question,human,cow,chicken,”	36.8217014	-76.33991044
2012-09-04 19:42:24	Finish,homework,sleep,clas,rdshiftlife	40.6913345	-89.486292
2012-09-03 13:52:27	action,speak,louder,word	32.06825248	-89.22701879
2012-09-08 02:50:45	“,mood,dictate,manner,”	31.89032176	-102.33176592
2012-09-07 10:00:36	wait,gym,tomorrow,lovethathoe	42.6856797	-73.784621
2012-07-22 03:00:51	dinner,night	42.73634467	-84.49252183
2012-10-15 08:38:22	remember,day,Childer,clas,Michael,wanted,called,Antonio,hahahaha	40.4910187	-85.6166075
2012-09-03 13:52:05	hehehe,sound,normal,sayin,situation	35.9026244	-79.0476489
2012-09-27 05:30:43	Alright,thanksgiving,love,mashed,potato,corn,turkey,stuffing,pumpkin,pie	42.95896471	-83.65844057
2012-09-07 07:12:30	beautiful,person,met,blessed,life	38.0329975	-84.5023782
2012-06-22 19:20:49	ready,Saturday,beach,house,watching,college,football,yall,crazy	34.7259997	-82.26348171
2012-08-28 10:35:32	Skinny,Cliff,Dance	28.86371808	-81.88231621
2012-10-16 11:32:43	time,slept,bed,Crashing,couch,entire,fall,break,fucked,sleep,?	36.64289149	-83.73488411
2012-09-14 13:14:15	Ion,fuk,lota,ppl,nigga,Fuk,guy	32.538386	-92.7204236
2012-10-07 15:26:27	hair,ridiculously,long,love,?	33.09743598	-96.64382519
2012-09-13 05:46:31	yea,Til,catch,feeling	39.12468741	-77.23916254
2012-05-20 09:30:48	Palm,Casino,Resort,Las,Vega,NV,w	36.11419943	-115.19546986
2012-04-05 00:00:22	Woke,good,mood,Morning	35.24734084	-80.77922686
2012-07-27 10:30:38	situation,Gann,moment,Ya,weird,judgeme	36.114193	-83.4963619
2012-07-16 18:50:22	contained	42.50437546	-96.43108193
2012-09-11 11:38:21	girl,pretty,stuck,quiet,observant	40.2770704	-78.84804659
2012-09-02 13:01:45	suggestion,butter,pecan,pecan,waybetter	40.71389828	-74.24821675
2012-10-13 23:36:49	husband,LOVE,ticket,airfare,afford	45.5460374	-122.50086743
2012-10-01 09:42:19	Odd,future,Rasta,fuckin,monsta	41.39029584	-81.99554652
2012-08-23 14:35:45	hate,waking,bieng,sleep	37.5932252	-77.5211879
2012-06-07 21:20:01	week,cuz,ima,Daytona,weekend	25.68090379	-80.35188994
2012-09-22 17:36:17	tackle,bitch,thirsty,Phone,secuirty,wehavebadge,truuu,applestore	41.65970199	-86.22086808
2012-06-18 13:40:38	outta,head,girl,Damn	42.26521969	-71.60784602
2012-06-22 22:10:55	Roll,call,count,Chad,bowling,party,July,jersey	40.23558606	-74.75270919
2012-10-05 05:08:26	FUCK,YEAH,CLG,NA,DEFEATS,SK,GAMING	37.36514502	-120.42707358
2012-09-05 13:28:31	Hit,Nigga,Million,Shot,Call,MILLION,BUCKS	35.25151681	-81.34999481
2012-04-29 13:30:57	funny,way,negro,fucking,gay	40.74138307	-74.24353723
2012-04-18 19:00:20	ousted,mayor,Dependable,Automotive,Service	45.10923462	-93.38697971
2012-07-01 12:30:55	Ho,school	39.282952	-76.814928
2012-09-26 20:06:38	Happiest,kiss,neck,forehead	40.12709861	-75.30347035
2012-09-27 06:12:17	Polo,supposed,exclusive,overrated	31.67452636	-88.65176266
2012-09-11 00:06:29	bullshit,intro,addition,subraction,math	40.61004242	-74.68690622
2012-08-24 02:50:52	hate,people,instagram,picture,row	41.76536606	-124.19765281
2012-08-06 20:10:41	gettin,petition,air,day,work,hour,clownin	38.91592211	-94.66025963
2012-10-06 11:12:39	Fuck,free,world,mile	41.72466827	-71.53449726
2012-07-09 10:40:16	okk,text,ypu,lol	28.0104727	-82.4165618
2012-05-01 01:50:26	“,honestly,half,”,Hedwig,Jr	41.80616934	-72.25059634
2012-10-14 01:36:26	stay,succes,sex,money,clothes,job,love,shit	39.1547269	-75.5546093
2012-09-21 11:06:01	nice,age,guy,year,girl,wtf	36.09204121	-86.12275715
2012-10-17 21:10:27	“,cancer,leaf,house,find,chap,stick,lip,glos,carmex,”,day,trash	39.25964758	-76.51729334
2012-08-17 19:20:18	Work,time,pis,drunk,ozark,drinkinmyselfretarded	40.5518565	-89.6528338
2012-06-04 10:00:24	fine	36.08974349	-80.26804736
2012-09-07 03:46:41	appointment,PTC,Matt,aka,friend,semester,yayanatomy	35.62649673	-77.32953924
2012-10-04 00:20:17	honestly,people,trust	40.78557201	-73.03170459
2012-09-23 11:24:26	H,C,E,D,Follow	33.74881869	-84.45936264
2012-10-03 20:34:44	Closed,mouth,dnt,feed,lol	43.07999287	-76.15255995
2012-07-14 04:00:12	landed,Kansa,Production,Clas,Citizen,officially,begun	37.65251636	-97.43503831
2012-06-15 06:20:26	Big,blue,sky,Horizon,Center	35.95801475	-84.36396265
2012-05-15 05:20:29	fence,San,Francisco,year	42.33849662	-71.28462009
2012-10-15 07:20:34	Professional,Therapeutic,Naple,Massage,Dr,Approved,Massage,Therapist,massage,therapist	26.23826212	-81.76415384
2012-10-07 23:16:46	PETCO,Inventory,Pricing,Dept,Mgr,CLINTON,CT,Retail,Job,Job,Tweet,Job	41.288747	-72.5282063
2012-09-13 06:08:24	thought,traffic,minute,earlyyy,keeeeeelme,?	42.39285742	-71.03317176
2012-04-02 06:30:04	watching,Kevin,Hart	38.72879148	-75.27442876
2012-09-11 13:32:15	hate,guy,perfect,eyebrow,Punk,ass,em	39.67699909	-104.78523648
2012-09-15 04:32:41	gorgeou,chickpea,barley,baby,spinach,salad,food,feel,good,e,grocerie	34.05478088	-118.3438463
2012-06-19 04:50:52	People,pride,hand,Deltron	36.00116403	-84.24351225
2012-09-30 12:36:54	fucking,love,local,bootblack,awesome,job,Tip,bootblack	39.7772748	-86.1457559
2012-10-13 23:34:39	Fio,Turtle,Creek,PA	40.416826	-79.812697
2012-05-17 06:30:56	Battle,Ship	34.74043616	-87.72279245
2012-09-02 16:28:37	Liar,tryna,suck,D	40.0272459	-75.0792679
2012-09-28 12:06:08	weird,day,tomorrow,nightttt	42.342343	-71.10386575
2012-07-06 11:00:10	phone,light,pm,woah,bright,HOLY,SHIT,MUTHAFUCKIN,FLASH,BANG	34.4363381	-85.74042967
2012-09-02 01:32:41	Browsing,Island,Restaurant	33.8691229	-118.35308613
2012-09-18 04:36:54	Steve,Harvey,Tripping,NW,Family,Feud	33.0524892	-83.22841608
2012-09-21 01:08:15	called,achey,work,yesterday,good,reason,enjoy,weather	43.27995661	-70.97074368
2012-06-21 06:40:05	girl,drink	42.45814809	-83.10792614
2012-04-03 20:40:35	Lake	38.45436118	-77.52042683
2012-09-14 06:02:13	BAD,Bitch,classi,woulda,left	41.0992928	-80.6317866
2012-09-22 08:34:46	life,complicated,twitter,act,good,fun	41.710311	-87.5629235
2012-06-08 14:40:05	hahaha,yeah,Bueno,noch	44.22641935	-105.54944121
2012-10-06 10:18:23	GOD,work,TORTURE,shiverin	37.7021849	-97.2389974
2012-10-08 14:04:32	Houston,Family,Reality,show,gon,good	32.85845582	-97.0066457
2012-07-11 18:50:44	yo,laugh	32.73917712	-117.04564101
2012-08-24 13:55:57	Watching,Disney,Channel	39.9379526	-75.22469417
2012-09-02 01:43:03	fat,ugly,bitch,football,game,night,ew	40.87425578	-75.73143578
2012-04-11 10:40:31	text	39.8944378	-75.2777103
2012-10-08 11:36:38	Apache,Station,Tempe,AZ	33.41218433	-111.88848778
2012-06-18 07:00:31	Happy,Father,day,Dad,holdin,kid,male	37.66952853	-122.46888428
2012-04-16 02:20:01	trouble,finding,exceptional,example,video,assignment,hoping,send,link,Thx	39.19780334	-119.93160532
2012-09-16 01:10:52	Watching,jump,broom,daughter,watching,time	33.84968354	-79.0077224
2012-07-27 15:20:58	dedication	41.7119059	-88.0450643
2012-05-07 09:20:12	craving,pizza,burrito,heck	32.18081383	-110.94672938
2012-09-23 09:00:54	Long,day,shopping	39.79686709	-86.08786501
2012-04-28 13:00:38	God,today,Tomorrow,mean,beginning	41.94930433	-71.40716054
2012-08-16 23:20:56	“,awkward,moment,dream,friend,wtf,”??	28.41289775	-97.7249244
2012-06-08 05:40:31	Aaron,Cleaning,Service,North,Chesterfield,VA,cleaning,North,Chesterfield,Housecleaning,coupon	36.838346	-76.300492
2012-09-21 19:22:58	bc,late,yesterday,doctor	34.88673488	-82.27689781
2012-09-27 16:22:06	RT,Preparednes,Tip,Download,ARC,Aid,Appi,Phone,Android,cc	28.63906	-97.44796
2012-09-22 10:58:37	twitter,na,lang,muna,sa,ngayun,Babalik,din,ako,s,fb,pag,na,lahat	40.7407744	-73.7803188
2012-09-21 22:30:40	enjoy,making,face,find,comical,?,Retweet	40.09521734	-83.08900084
2012-10-02 05:46:53	busquen,el,amor,el,amor,llega,sólo	28.45057013	-81.39574631
2012-09-30 10:06:08	raining,bed,Aladdin,Tonight,good	35.79865162	-78.68781084
2012-09-07 11:02:56	Barack,Magic,Mike,action,wrap,dnc	43.10613015	-87.96354625
2012-07-29 01:20:40	muk,nigga	39.93927387	-75.27154463
2012-10-12 13:20:47	time,attention,affection	33.64057124	-116.14114702
2012-06-07 03:10:19	Cold,day,City,Creek	40.76814258	-111.89024265
2012-10-07 08:16:31	Ummm,time,ref,stepped,stopped,fight,Davey,bloody,mes,corner,libfail	27.95439573	-82.07839419
2012-09-20 12:52:13	thought,oclock,o,O	29.65831406	-95.20897858
2012-08-01 15:40:14	WOW,LMAOOOO,Winning	32.795887	-117.2548876
2012-06-18 08:30:38	Rogue,Ale,Public,House,San,Francisco,CA,w	37.80018171	-122.41065928
2012-08-26 22:35:11	nice,Send,stuff	35.99627386	-86.49724223
2012-08-04 01:00:40	Lmfao,Manuel,explain	38.08415112	-78.13769041
2012-05-29 00:30:22	find,spell,check,pen,il	41.79227443	-85.82661302
2012-08-24 12:15:56	Dad,giving,advice,loveyoudad	33.2044658	-117.239573
2012-09-07 21:30:59	hungry,fuck,tired,fuck,tired,fuck,suicidalthought,lmao,JKJKKK	39.67919934	-104.84288754
2012-10-08 11:44:02	Lve,laughing,n,smiling	31.56632042	-91.39000988
2012-10-11 07:16:45	State,Faded,D,stateoffaded	37.35380304	-79.17591786
2012-06-19 06:50:17	painful,catch,cheating,refuse,hurt,worse,branch,stuck,rib	37.03959588	-76.38745487
2012-09-27 12:50:56	yo,slaughterhouse,Dre,beat,sale	41.65686425	-70.94397172
2012-04-27 14:10:41	sick,bullshit,pointles,tweet	40.06834269	-79.89471283
2012-07-21 05:00:55	hey,babe,idk,u,busy,work,talk,u,service,Internet	40.78879469	-74.23191554
2012-09-06 11:32:05	ref,gonna,oxygen,blowing,dang,whistle	36.75661193	-79.97807949
2012-05-17 00:10:52	slut,douchebag,standard,youdeservewhatscoming,youdontknowyet	40.38161032	-75.49230245
2012-05-22 12:40:58	suck	34.81688514	-80.7022719
2012-10-14 13:08:25	die,deployed,Afghanistan,protecting,liberty,bitch	30.31287707	-89.35609282
2012-09-12 20:14:45	“,wish,wish,true,–Pooh,”	36.57752771	-82.67025449
2012-09-04 13:48:48	love,waiting,favorite,lace,underwear	45.1647403	-93.2493357
2012-07-13 11:10:06	plane,tomorrow	35.6724885	-88.8213208
2012-09-25 07:12:07	dude,ran,car,time	40.13918601	-79.87188424
2012-09-19 23:00:57	IMis,Cousin,leaving,work	41.87319858	-71.51815926
2012-09-07 08:04:13	Spoil,Gift,Card,Generic,design	43.57531023	-83.87123125
2012-08-28 06:00:00	bitch,call,nosy,Twitter,hoe	43.08719985	-78.92901675
2012-09-18 07:12:47	tired,telling,boy,love,girl,twitter,love	33.76571227	-84.11853813
2012-06-17 11:10:49	Dinner,time,Pro,w,pic	37.44491245	-122.16125301
2012-07-09 10:40:24	Shit,Nasty,Wheww,Painful,Making,Head,Hurt	31.29966494	-89.28586145
2012-10-03 00:24:15	fuck,world,shit	35.13185136	-81.90077692
2012-10-07 02:02:08	wanna,marry,kis,anytime,Sweet,Home,Alabama	39.65799173	-79.8779908
2012-07-14 02:40:51	year	40.60882662	-80.10135029
2012-09-02 04:18:09	dream,eating,bath,salt,Shrug,Yolo	33.9539702	-84.1300961
2012-09-09 05:44:19	safest,felt,arriving,Baltimore,whiteout	39.28533764	-76.62269664
2012-08-15 12:00:32	finalist,win,iconlive	34.0514594	-118.2569811
2012-10-05 22:02:13	love,cuddle,time,Puppy,Love,baby,morning,wake	39.69799052	-104.93053165
2012-08-07 22:00:44	dreamed,burst,Eye,young,adult,church,cont	40.287041	-86.514232
2012-06-30 14:30:43	Ahahahahahahahaha,reenactment,Marianna,rn	35.04864723	-79.7229538
2012-05-16 20:30:16	ohhh,mall,naw	38.6461848	-77.30419278
2012-08-23 00:05:04	reason,mood,watch,Devil,Wear,Prada,?	40.99891823	-74.02569777
2012-10-06 07:20:26	Love,classic,octoberfest,—,Drinking,Spaten,Oktoberfestbier,Oktoberfest,Ur,Märzen,Monk,Taproom,—	44.7632	-85.6241
2012-09-23 15:04:21	stayed,bench,longer,sun,wouldve	30.43486286	-84.31808976
2012-07-25 00:40:00	worst,happen,monthly,friend	41.82031063	-71.46338226
2012-05-14 19:10:41	Fell,bed,night,HA	39.34252536	-85.48256239
2012-10-14 10:48:06	appreciated,company,tonight	41.11795681	-80.3327042
2012-07-27 08:40:48	Love,Smile,D	36.101186	-115.1736844
2012-05-01 03:50:13	swimming	36.5100022	-87.2035495
2012-09-15 21:24:28	Wanting,put,cream,leg,flyer,cheerproblem	40.76475705	-73.78854658
2012-08-28 06:10:17	due,date,day,birthday	39.54297601	-76.10543585
2012-07-24 02:20:26	yea,ready,cuz,quick,lol,hold,wit,Hopkin,C,Marshall,lol	37.4262077	-77.6823449
2012-04-20 19:50:22	Ard,Denni,starting,Childish,way	39.9908077	-75.79616065
2012-10-04 15:30:24	apparently,Macy,Gray,Hif,Crystal,Method,playing,private,show,Yerba,Burna,Garden,Gonna,check	37.82062501	-122.36670921
2012-04-07 01:00:04	Hey,die	37.82892973	-82.7658512
2012-10-02 08:58:31	People,pretend,care,problem,reality,gossip	30.6209105	-96.3402003
2012-06-29 06:50:48	swear,aunty,wanna,kill,lbs	42.32481956	-87.86295033
2012-06-27 01:30:54	happen,min	30.4707668	-83.43387698
2012-04-27 11:10:49	Twitter,perfect,NFLDraft,watch,hockey,draft,avoided,ESPN	30.15178455	-85.55083048
2012-07-29 07:30:58	black,rim	33.22651117	-111.71307555
2012-12-28 00:36:28	ACD,Copy,Writer,Bilingual,Hill,Holliday,York,NY,Art,Job,Job,Tweet,Job	40.7143528	-74.0059731
2012-09-16 10:42:54	G,Tampa,Florida	27.87942906	-82.4940492
2012-04-18 03:00:04	Village,Cafe,Pizzeria,Restaurant,Coupon,Gouldsboro,PA,coupon	41.2416	-75.5322
2012-07-22 00:50:37	Home,sweet,home,cuase,mii,nerf,ova	33.6530486	-86.7322555
2012-09-21 10:26:30	baking,watching,Disney	40.57241618	-82.33549219
2012-08-20 05:30:14	smelly,lady,sleeping,nite,sleep	37.5367053	-77.5018468
2012-09-10 07:26:33	Good,lmao,finna,fight,yo,ass	39.93676433	-83.04464302
2012-09-05 12:36:24	cook,ribeye,sauteed,mushroom,penne,pasta,pm,point,teehee,D	27.6766024	-97.2949693
2012-09-02 09:48:32	kid,family,reunion,Nbs	41.81169499	-87.60267762
2012-10-01 13:38:03	Drank,stuff,throat,close,happend	39.67207666	-119.71898089
2012-09-27 22:00:42	Wake,tune,full,blast	33.86637082	-118.00065178
2012-10-11 20:22:37	pretty,calm,NHL,lockoutuntil,woke,morning,realized,dropping,puck,tonight,GETITDONE	42.77456861	-78.61127591
2012-05-04 01:40:05	Akron,accident,reported,WB,MAIN,ST,Slow,traffic,WOLF,LEDGES,PKWY,Summit,traffic	41.06221	-81.52732
2012-10-02 21:42:46	morning,show,country,Lmao	42.67962132	-83.25549901
2012-09-18 15:24:01	weekend,deserved,weekend,bad,Cassidy,leaving	40.18857847	-92.57939725
2012-10-15 09:32:10	T,Dawg,riot,shield,thewalkingdead	30.44559145	-84.31387941
2012-10-01 20:28:14	boo,boo,green	32.72668674	-96.90358981
2012-08-25 07:50:39	Mojoe,Honor,Society,Joliet,IL	41.527748	-88.082002
2012-09-11 20:32:09	Mad,Hotel,York,NY	40.74507684	-73.988676
2012-10-02 21:16:58	“,soft,paint,claude,monet,”,tweet,week,lady,gentleman,Tweetoftheweek	38.33484471	-85.81898885
2012-09-27 10:04:22	understand,parent,walk,kid	36.818885	-76.2261972
2012-07-19 01:40:09	nap,today	38.99644597	-74.79478215
2012-06-14 03:10:01	oww,Nasty	41.5473511	-81.5731796
2012-06-21 09:40:55	Fuck,em,dey,fall,asleep,slow,stroking	35.20451518	-80.75723755
2012-08-13 12:10:34	Homo	34.03856603	-117.49273797
2012-08-01 14:10:22	tired,ready,bed,hope,Sir,quiet,house,quiet	42.24336373	-84.40887764
2012-09-10 03:46:54	disappointing,season,eagle,ctfub	39.9032228	-75.2910781
2012-10-06 03:56:44	Drinking,Dale,Pale,Ale,Macdougal,St,Ale,House,—	40.73	-74.0005
2012-07-06 23:10:45	running,circle	40.69706552	-73.39709183
2012-09-12 09:52:38	lmfao,x,D,omg,sad,day	26.6090979	-81.65097247
2012-10-01 01:14:49	Ty,Hear,feel,shit,sleep,Btfu,Smack,??	39.68574041	-75.68057882
2012-10-11 14:56:36	wear,nsync,shirt,m	36.36017294	-80.36403322
2012-10-06 04:32:24	bath,time,daddy,jumped	41.71409225	-86.29267601
2012-07-10 03:20:41	home,training,friend	41.4742785	-81.7069779
2012-10-04 10:30:31	God,plan,patient,soblessed	45.93930675	-89.21553282
2012-09-01 04:47:57	Shop,Waterford,Dublin,CA	37.70639774	-121.87356932
2012-09-11 09:08:21	nigga,u,lame,cuz,fucked,stupid,time,n,fix,manin,n,blamin,myslef	38.3240386	-85.7709368
2012-10-02 08:36:12	lol,highly,doubt,scared	41.8717531	-80.11811573
2012-07-02 21:00:52	Caesar,Palace,Limit,Holdem,Poker,Tournament	36.1312	-115.166
2012-06-15 20:40:52	Good,Morning,Pp,L	39.95677983	-75.20525549
2012-09-15 08:22:43	temperature,°F,°F,—,humidity,—,wind,mph,SSW,mph,SSW,—,pressure,falling	42.365	-71.13361
2012-09-13 07:20:33	play,dumb,game,win	42.30998277	-83.47719219
2012-10-02 12:48:59	ARelationship,play,watch,somethin,basketball,football	34.1845582	-82.0202831
2012-08-01 07:30:26	slow,U,cream,squirt,Big,Fat,Black,Stick,??	33.98533278	-118.28622323
2012-09-02 02:31:54	Isaiah,welcome,Obama,supporter,office,Staunton,Open,Door,VA	38.14957988	-79.07209721
2012-09-20 09:30:24	kick,ur,ass,bring,candt	33.766486	-116.4381033
2012-09-01 00:20:42	Central,Park,West,York,NY,w	40.76864675	-73.98086071
2012-10-15 10:24:29	big,Room,full,full,Bad,Bitch	29.74860551	-95.37531966
2012-09-26 08:24:05	Show,trustworthy,happyotherwise,kick,rock	39.1593508	-78.1697092
2012-06-25 18:10:18	good,BC,AWESOME,SOBERRRRRRRREE	39.0768324	-84.5159968
2012-09-13 06:50:09	Running,night,pretty	36.8770496	-88.353597
2012-05-25 05:30:18	Dadeland,Mall,Miami,FL,w	25.69051593	-80.31344891
2012-05-08 06:50:50	token,Gold	38.99219211	-78.37043792
2012-06-14 14:40:39	yeah	38.01474016	-121.88068874
2012-09-27 07:24:47	np,Anita,Baker,Caught,Rapture,Love,eloquently,worded,song	33.533159	-112.2035585
2012-08-25 10:45:26	burchy,watch,u,cuz,rev	40.2658724	-75.122039
2012-10-08 12:16:05	dat,bullshit,talking,kinda,real,nigga	32.0659008	-96.5104338
2012-10-07 12:06:09	yeah,situation,suck	39.48803096	-76.3651478
2012-07-26 11:00:23	Studying,mucho,sotired	36.1202037	-97.0667671
2012-04-24 01:50:36	law,STFU,JESUS,WHEEL,lmao	41.74853087	-72.67990201
2012-05-04 23:50:57	girl,sick,??	39.95906556	-75.27821017
2012-09-01 12:35:25	Mini,Chief,wooo,super,fun,time,hanging,guy	47.6161552	-122.3209038
2012-06-08 05:50:00	eat,late,lunch,Sammich,night,pancake,egg,Lol	33.83287163	-118.24092482
2012-05-28 07:50:11	Money,bus,bad,blunt,head,paying,invited,cloud,cuz,broke	33.7781569	-118.2035008
2012-09-25 08:02:09	Time,midterm,Warnock,Engineering,Building,pic	40.76770418	-111.84517622
2012-05-24 15:30:26	Naa,stop,lyin,track,aiiite,U,gon,kill,tho,fa,sho	38.9678131	-77.3766751
2012-09-25 09:12:53	man,reach,standard,expectation,Lol	42.64380721	-71.30672772
2012-10-06 03:24:09	earn,white,trash,friend,?	36.94384904	-86.42366023
2012-07-06 10:00:46	People,realize,give,fuck,planned,shit,head	38.7656155	-77.24505
2012-05-03 10:20:14	“,gayest,person,met,?”,massage,foot,??	39.29427259	-76.52481861
2012-05-21 11:50:40	shower,rest	41.41797704	-75.6262314
2012-06-29 23:20:29	mom,mom,lol,day,imao	28.4048016	-81.4102214
2012-09-01 00:49:26	Western,Bishop,Fitnes,Center,Bishop,CA	37.371875	-118.396523
2012-04-26 03:40:06	o	43.08489	-87.8817687
2012-08-25 06:55:28	National,anthem,Providence,underway,clthsfb,Providence,High,School	35.11069257	-80.76374317
2012-09-03 21:06:09	Kong,Kyle,romantic,n,Spain,Enjoy,Espana,Kyle,beautiful,place,full,beautiful,people,great,wine	38.2287848	-85.6796962
2012-09-24 12:20:14	dem,Tony,Allen,top,scorer,Pierce,season	42.09370572	-70.99982702
2012-09-30 08:48:27	full,quarter,AG,Kitchen	40.77780186	-73.97859235
2012-09-28 07:58:07	Good,job,baby	40.63467002	-111.8635984
2012-04-17 03:00:07	F,Feel,F,Humidity,Wind,mph,E,Gust,mph,Pressure,mb,Rain	29.875016	-92.218675
2012-04-29 05:10:09	grown,ass,man,big,“,Le,Bron,bitch,Rose,”	32.56283132	-83.71359676
2012-09-25 21:18:23	random,tmp,diamond,o,tf,Lls	39.3380298	-76.593609
2012-09-20 11:12:47	Scorpio,tolerance,stupidity	44.61614757	-73.1141044
2012-09-30 22:24:50	password,lock,phone,remember,drunk	38.43204548	-78.860734
2012-07-05 13:00:16	Bend,touch,ya,toess	41.9424709	-88.14860054
2012-08-26 15:35:18	view,Coronado,bridge,San,Diego,Coronado,Bridge	32.69378943	-117.14963429
2012-10-14 23:30:50	Cuddle,buddy,cold	42.97984399	-89.52325478
2012-06-07 07:00:22	“,bahahahaha,”,loser	39.80498493	-86.26229044
2012-05-03 10:10:55	Ali,Aladdin,?,forcedfriendship	28.7341764	-81.34789294
2012-06-23 00:20:51	Tyga,ft,Drake,?,np	36.0102871	-115.13973362
2012-09-11 18:36:48	ferry,armed,coast,escort,morning,Forget,attack,terror,committed,innocent,life,lost	40.68181636	-74.03458234
2012-08-06 15:20:34	Ohh,Friend	41.626006	-87.5690082
2012-09-07 06:00:12	hold,kicking,screaming,c,Poor,Baby	29.94834818	-97.88562827
2012-10-16 12:50:01	boy,talk,stl,ghetto,understand,text	38.58277151	-90.28863278
2012-06-08 21:30:51	Screen,Day,Brother,Graduating,?	39.84706	-75.370119
2012-09-11 15:06:09	wanna,drunk,high,af,weekend	39.65608746	-75.86788905
2012-10-01 05:04:09	bout,time,tattoo,shit,Hmu,yu,design,drawn	40.2897272	-76.8940371
2012-07-21 13:50:16	gun,shot,apartment	28.079478	-82.4432049
2012-10-01 22:30:14	person,common,sense,act,badas	42.1584608	-92.5716697
2012-06-22 05:30:46	mine,RT,circle,year,O,o	33.998986	-118.2953574
2012-08-08 00:50:58	Twitter,boring,shit	38.68569558	-77.31179953
2012-09-06 11:44:35	Lmao,Bet,Shit,Funny	29.89348463	-95.40333533
2012-09-14 00:54:14	freakin,car,bitch,hit,tryna,sue,talm,bout,hurt,jump,car,quicker,den,mug,hurt,Smh	30.3553579	-81.648448
2012-05-15 14:20:49	happen,spring,semester	39.32052665	-76.54888296
2012-07-21 11:00:55	Kevin,heart,nigga,silly	41.2438071	-80.7830838
2012-09-22 05:34:06	Wehiphoptv,Entertainer,Register,Dfw,Apollo,wwwwehiphoptv,Talent	32.89629365	-96.7299564
2012-10-03 08:40:37	wrong,National,Park,love,sign,Arch,National,Park	38.6162669	-109.61574554
2012-09-24 10:40:49	bring,home,earlier,planned,lol	29.2531515	-81.0627161
2012-04-21 11:30:28	Show,time,Orpheum,Theater	33.44928	-112.076532
2012-10-14 15:24:57	totally,shoot,love,Kbye	32.62522139	-116.99507536
2012-10-01 06:50:33	Econ,Test,Tomorrow,Studied	33.8666815	-84.2863862
2012-05-28 00:30:36	real,snorlaxx	42.290749	-73.9842933
2012-06-04 15:10:53	lmfao,yo,sabia,hablaste,con,esta,mujer	41.56743752	-88.24676792
2012-09-01 11:12:56	female,poppin,ur,shit,band,house,poppin,band	30.24975646	-89.77927247
2012-10-16 06:32:08	Live,Journal,Walking,Dead,Season,Premiere,Carl,house	38.88778638	-77.41505795
2012-09-11 12:22:09	Rafe,potential,baby,daddy,hotty,daysofourlif	33.69921272	-116.20964397
2012-09-01 09:04:55	“,hope,stay,safe,tonight,epic,falling,accident,poorkid,”,haha,bruised,rug,burned,?	36.62748938	-88.32774519
2012-10-02 04:30:36	fell,love,book,high,expectation	39.58052204	-83.14475513
2012-10-03 10:20:02	world,wanna,love,job,Good,night,smooch	39.2867848	-76.608368
2012-10-01 02:34:28	easportsbar,Sunday,football,Cosmopolitan,Las,Vega,Floor	36.10950603	-115.17289282
2012-09-24 12:52:18	awake,personalizing,supply,wanna,wrap,ducktape,rattail,comb,clip,cosmetology,???	46.74420776	-92.22409821
2012-10-01 07:52:13	billy,cundiff,redeem,field,goal	42.22392265	-71.70682271
2012-06-09 09:20:35	fo,long,time,bring,?	34.19598661	-79.24583022
2012-10-12 14:12:39	Lol,Fuck,freeway,O	32.9229769	-117.11843433
2012-05-02 05:40:39	flirst,hole,thirsty,ass	32.79351997	-96.94718931
2012-04-03 22:40:28	fucking,exhaustedfeel,running,fume,fill,soonim,gonna,shut	36.848462	-76.257924
2012-04-07 03:00:58	Law,Office,Bowman,Associate,Folsom,CA	38.64338758	-121.1463635
2012-09-15 12:08:09	agreed,hate,u,wait,hour,response	41.28423456	-84.36946149
2012-09-29 08:04:05	MGA,preservice,conference,full,swing,geography,Rebel,Teacher	32.09425847	-90.56355385
2012-09-03 13:56:22	hire,follow,play,tuba,meal,hand,Craving,Fulfilled,fix	47.6143157	-122.3177492
2012-05-07 12:40:01	beautiful,night	44.871101	-93.32216657
2012-10-07 00:16:07	Awe,shit,Entering,azura,star,Woohoo	36.59091637	-82.19999931
2012-09-30 09:18:00	Rose,teaching,fish,lip,Cascade,Dining	42.18336838	-122.6912347
2012-09-15 05:10:56	glass,bad,news,vision,worse,good,news,good,people	40.70258178	-73.92867537
2012-10-15 13:44:04	Rawrrrerrrrrr,escupir,ese,juego,mi,amigo	38.93579082	-77.09004762
2012-07-21 12:30:36	Ty,babe	38.67247519	-121.34800899
2012-09-07 02:38:35	Smoking,cigarette,writing,music,cuppa,tea	29.79019582	-82.47855484
2012-05-11 18:30:16	bet,hand,full,people,soap,Dark,Shadow	41.4715959	-82.1429728
2012-09-23 14:44:36	high,balance,low	40.73050407	-114.08556153
2012-10-15 13:02:27	person,judge,stuff	36.16125022	-86.40053348
2012-07-12 02:10:10	Brother,Bought,Black,Lebron	38.9681925	-76.9586665
2012-10-01 13:48:26	Elkhorn,life,West,Omaha,Whitty,?	41.29549476	-96.24278616
2012-09-22 09:22:45	lesson,planning,class,tomorrow,teaching,puppet,arabesque,time,cute,burn	26.78838068	-80.08861686
2012-05-08 07:10:47	RT,Healing,Garden,Hospital,Walk,Park,therapeutic,landscaping,move	18.23484	-66.06059
2012-09-27 07:32:07	Riding,gnar,good,bit	37.6971581	-121.09231234
2012-09-22 02:14:46	yeah,bored,pathetic,life,GUESS,SOOOOO	41.48044376	-73.91353693
2012-09-18 11:12:46	oomff,follower,follower,switch,nigga,damn,day	32.6740114	-97.2576382
2012-04-11 12:40:49	Mi,medallita,mi,escapulario,dame,x,siempre,tu,proteccion	30.048286	-95.38760225
2012-08-04 18:20:35	part,tired,kick,fml	39.32078528	-76.75508218
2012-08-03 16:30:09	Tweet,real	29.36149622	-98.5223138
2012-07-26 15:40:37	Instagram,Picture	30.36689198	-97.70264325
2012-10-04 10:40:02	crumbling,Feel,coming,time,sign	37.77341156	-87.17983049
2012-09-14 06:52:41	adopting,milo,honked,day,weirdest,pickup,line,dog,sexy,boy	38.0867843	-122.5372044
2012-09-05 03:18:12	ruined,brandy,carpet,ky,finished,paying,rip,????	40.08614918	-74.04823442
2012-04-03 10:20:04	Temp,°F,Falling,Wind,mph,Pressure,Rising,slowly,Precip,today,weather	45.07583333	-93.26694444
2012-08-12 06:30:55	Cool,story,babe,sandwich,Shirt,lol	37.4236912	-76.8288983
2012-08-19 06:50:45	Hey,child,Wat,happening	39.2171604	-84.5149916
2012-07-21 05:10:35	word,sad,song	29.5427882	-95.11160114
2012-09-25 05:50:38	bother,boat,happy	30.57389656	-87.75855563
2012-09-07 02:04:55	literally,laughing,auschwitz	42.67034408	-84.66560362
2012-05-21 10:50:48	give,yu,king,clas	28.0293684	-82.31420385
2012-09-07 06:10:20	mailbox,key,stuck,mailbox,pleasehelp,ifeelstupid	42.7174636	-73.75233199
2012-08-15 02:00:39	snake,eat,alligator,everglade	38.66171509	-121.34026204
2012-08-19 07:10:35	bro,sister,messaging,Facebook,starting,creep	43.73804367	-94.77428352
2012-09-14 07:30:39	Apple,Store,Orland,Park,Illinoi	41.61964524	-87.84835339
2012-04-02 03:00:20	Drinking,Corona,Chillin	30.51631272	-89.69680309
2012-10-07 03:40:52	Peg,Glorified,Ham,Egg,Spark,NV	39.54156	-119.715815
2012-09-07 10:20:46	special,French,dinner,tonight,Cafeteria,legit,French,food,hillariou,love,America	43.60297523	-116.19963922
2012-05-05 15:00:38	te,vas,dormir	39.85033638	-105.15727544
2012-08-27 03:10:02	aha,yea,view,video,itwasamazing	42.47094097	-83.35672977
2012-09-23 12:00:17	Rock,Bottom,Restaurant,Brewery	38.87870397	-77.111397
2012-09-06 08:28:02	music,appreciation,test,gonna,kill,chant,sound,hippieclas	34.80787283	-82.30430788
2012-05-19 19:50:18	good,morning,boo	41.9337165	-87.6457791
2012-05-27 08:30:53	AMC,exterior	34.15211	-118.456751
2012-09-12 06:22:24	Put,H,disc,Angry,tweet,incoming	40.8048574	-89.5698174
2012-09-01 06:31:35	long,weekendjack,mof,DAY,Cool,ass,home,girl,car	32.5269	-96.82083
2012-09-03 13:15:57	“,Pis,ARepublican,gay,Black,woman,tcot,”	39.00262229	-87.91579558
2012-05-17 08:30:05	sang,song,Payphone,allllll,day,getouttamyhead	38.68077883	-87.51182813
2012-05-13 00:50:23	trick,ass	34.6776464	-92.3434099
2012-09-02 08:03:49	chunckiest,cheek,Highland,General,Hospital	37.79892277	-122.23151175
2012-09-03 14:08:02	Female,shet,smile,day	28.12156267	-81.61573305
2012-09-11 09:24:32	true,baby,boy	33.52542496	-84.08110523
2012-09-02 02:42:09	Gold,Bond,bathroom,nice,touch,Joe,Pizza,pic	41.26164195	-76.96938605
2012-10-16 09:40:43	own,awesome,convertible,truck,hahaha	26.4063139	-80.089651
2012-10-04 09:12:29	trillion,dollar,defecet,fast	40.66753	-73.3793
2012-09-02 09:19:29	nigga,bottom,click,career	41.5647769	-87.7114542
2012-09-25 22:46:37	muffin,bagel,water,Haha	43.54367802	-96.7405345
2012-08-09 20:00:27	bird	32.65058436	-97.36851708
2012-04-12 05:10:22	posted,photo,Olive,Garden	41.36955747	-89.12491039
2012-04-16 09:30:51	call,genuine,OG	39.65748489	-79.95620012
2012-09-23 09:50:23	kev,swerve,shot,pong,ball,bitch	42.9596597	-73.79962385
2012-06-09 07:20:27	“,“,falling,Encourage,Word,GOD,Pray	36.7201104	-83.6886134
2012-09-01 01:13:34	Deliciousnes,RT,Captain,Morgan,Guinnes,Smirnoff,Ketel,hard,cont	29.7370408	-95.568407
2012-09-25 08:00:13	MNF,tonight,team,hate,NFL,Packer,win	43.21751909	-88.12028286
2012-09-23 22:40:31	dub,woman,purse	39.14353713	-76.8179078
2012-10-01 08:52:14	part,lion,king	41.63606909	-73.02373404
2012-05-17 06:20:24	feel,u,doin,da,samething,boo,u	30.48554565	-97.652585
2012-04-02 02:10:15	villain,emo,Peter	42.5628029	-83.1847878
2012-09-19 05:12:45	Newsletter,Post,Office	40.45801212	-80.02059222
2012-10-12 08:32:56	btw,love,u,IG,smh,lol	41.4607741	-81.5417759
2012-05-09 11:20:36	love,music	27.88185108	-82.27595564
2012-07-26 09:00:26	creepblunt,blastmusic,kind,mood	41.83103	-71.4647325
2012-07-08 10:50:04	Dawn,Casa,Ormond,Beach,FL	29.2640405	-81.06994617
2012-04-24 16:50:10	major,challenge,think,rank	29.5527796	-98.34724189
2012-04-30 12:40:18	love,tooo,goodnes,neighbor	30.51475008	-97.7655167
2012-10-12 11:26:09	Trick,treat,bitch	41.2380786	-96.1472449
2012-10-09 14:42:34	da,phone,wit,bay	33.8524845	-91.0213967
2012-08-15 05:30:10	Luau,night,Boy,gonna,staring,tonight	24.87200729	-80.70564397
2012-10-07 12:52:39	Praying,successful,week,national,Champion	41.60751522	-83.53709827
2012-09-26 09:20:25	couz,“,Hey,state,lot,football,nice,noticed	35.87609199	-78.59625687
2012-04-21 12:50:07	classy,girl,Wow	36.14710193	-82.70334391
2012-10-01 08:04:06	Merced,CA,Sun,Sep,PM,Forecast,TONIGHT,Clear,Lo,MONDAY,Sunny	37.2829	-120.4535
2012-09-11 08:18:07	Buffalo,NY,Busines,Mgmt,Job,Credit,Portfolio,Analyst,Financial,Institution,Citi,Citi,Job	42.8864468	-78.8783689
2012-09-04 10:57:20	Wishin,spent,day,summer,love,stuck,happy,summer,mx,life	43.6150092	-83.8839123
2012-09-06 07:26:43	dance,daily,inspiration,conquer,fear,face,breast,cancer,head,sytycd	43.16829646	-77.64844706
2012-10-10 22:50:32	babe,u,o,answer	34.00894362	-118.26062215
2012-05-10 14:30:51	Chase,Teller,hour,Rochester,York,Banking,Job,Job,Tweet,Job	43.1750029	-77.591149
2012-09-26 04:34:16	talking,ah,shone,hope,kis,Berg	30.0789772	-83.5635818
2012-09-02 12:55:36	LRT,true,nigga,solid,experience	28.60638167	-81.42625409
2012-05-08 01:40:48	Trashy,Diva,Orlean,LA	29.95880241	-90.06261347
